scraped_at,carpark_id,name,updated_at,car,motor,ev_car,ev_motor,disabled,heavy_lt_7m,heavy_lt_8m,heavy_gt_7m,heavy_gt_8m,fee_type,special_flag
2026-09-28 13:45:18,7085,蓮花路 (重型),2026-09-28 13:44:53,,,,,,,150,,84,,
2026-09-28 13:45:18,6045,塔石廣場地下上落客區(重型客車),2026-09-28 13:44:58,0,,,,,,,,,,
2026-09-28 13:45:18,6033,下環街市,2026-09-28 13:44:48,2,36,1,8,2,,,,,,yellow
2026-09-28 13:45:18,7095,山茶街公共停車場,2026-09-28 13:44:40,,,,,,,,,,24小時,
2026-09-28 13:45:18,6022,永寧街,2026-09-28 13:44:58,7,4,2,16,1,,,,,,orange
2026-09-28 13:45:18,6026,交通事務局大樓,2026-09-28 13:44:53,80,140,9,10,2,,,,,,
2026-09-28 13:45:18,6018,氹仔中央公園,2026-09-28 13:44:54,572,,102,,14,,,,,日夜間分段,orange
2026-09-28 13:45:18,6041,日昇樓,2026-09-28 13:44:38,127,,27,,4,,,,,日夜間分段,
2026-09-28 13:45:18,7051,日暉大廈,2026-09-28 13:44:46,14,,4,,1,,,,,日夜間分段,
2026-09-28 13:45:18,7067,台暉樓,2026-09-28 13:44:55,11,15,5,18,2,,,,,,
2026-09-28 13:45:18,7044,氹仔客運碼頭,2026-09-28 13:44:52,312,74,73,14,16,,,,,,orange
2026-09-28 13:45:18,6028,何賢公園,2026-09-28 13:44:53,207,465,27,48,4,,,,,,
2026-09-28 13:45:18,7090,巴波沙大馬路公共停車場,2026-09-28 13:44:41,3,3,2,,1,,,,,,
2026-09-28 13:45:18,7097,田畔街公共停車場,2026-09-28 13:44:52,11,7,2,,1,,,,,,
2026-09-28 13:45:18,7093,沙維斯街公共停車場,2026-09-28 13:45:02,5,1,3,,2,,,,,,
2026-09-28 13:45:18,7082,長者公寓,2026-09-28 13:44:59,250,108,20,12,4,,,,,,orange
2026-09-28 13:45:18,6005,宋玉生廣場,2026-09-28 13:44:58,379,,17,,7,,,,,,orange
2026-09-28 13:45:18,6030,居雅大廈,2026-09-28 13:44:51,141,201,8,11,3,,,,,,
2026-09-28 13:45:18,7072,快富樓A入口,2026-09-28 13:44:59,102,,15,,3,,,,,,
2026-09-28 13:45:18,7073,快富樓B入口,2026-09-28 13:44:59,5,101,,6,,,,,,,
2026-09-28 13:45:18,7063,李加祿街,2026-09-28 13:44:55,0,25,1,14,1,,,,,,yellow
2026-09-28 13:45:18,7050,和諧廣場,2026-09-28 13:44:56,149,110,19,14,7,,,,,,
2026-09-28 13:45:18,7055,沙梨頭街市市政綜合大樓,2026-09-28 13:44:40,44,67,9,1,1,,,,,,
2026-09-28 13:45:18,7057,快盈大廈,2026-09-28 13:44:54,18,45,2,12,2,,,,,,
2026-09-28 13:45:18,6038,快達樓,2026-09-28 13:44:35,102,26,4,6,4,,,,,,yellow
2026-09-28 13:45:18,6009,亞馬喇前地,2026-09-28 13:44:57,,,,,,,,,,夜間,orange
2026-09-28 13:45:18,6020,河邊新街,2026-09-28 13:44:56,30,64,4,13,2,,,,,,
2026-09-28 13:45:18,6034,馬六甲街,2026-09-28 13:44:57,143,523,15,8,4,,,,,,orange
2026-09-28 13:45:18,7065,污水處理站,2026-09-28 13:44:37,101,,12,,,145,,111,,,
2026-09-28 13:45:18,7076,氹仔柯維納馬路停車場,2026-09-28 13:44:49,84,,,,2,,,,,,
2026-09-28 13:45:18,7077,柯維納馬路戶外,2026-09-28 13:44:29,39,39,,,0,,,,4,,
2026-09-28 13:45:18,6019,青翠樓,2026-09-28 13:44:33,228,406,28,14,4,,,,,,
2026-09-28 13:45:18,7081,專科大樓,2026-09-28 13:44:42,38,44,3,4,2,,,,,,
2026-09-28 13:45:18,7089,路環打纜街公共停車場,2026-09-28 13:45:00,45,44,8,,2,,,,,,
2026-09-28 13:45:18,7098,南灣大馬路公共停車場,2026-09-28 13:45:02,,29,,,,,,,,,
2026-09-28 13:45:18,6001,南灣(栢湖),2026-09-28 13:44:58,219,80,3,1,2,,,,,,
2026-09-28 13:45:18,6035,青葱大廈,2026-09-28 13:44:29,0,0,0,1,2,,,,,,
2026-09-28 13:45:18,6039,青泉樓,2026-09-28 13:44:30,5,4,5,1,1,,,,,,
2026-09-28 13:45:18,6040,青怡大廈,2026-09-28 13:44:53,87,116,8,8,3,,,,,,yellow
2026-09-28 13:45:18,7064,青茂口岸,2026-09-28 13:44:59,0,0,0,12,5,,,,,,yellow
2026-09-28 13:45:18,7058,青濤大廈,2026-09-28 13:44:55,25,32,7,8,1,,,,,,
2026-09-28 13:45:18,7059,青洲坊大廈,2026-09-28 13:44:56,142,475,51,0,15,,,,,,yellow
2026-09-28 13:45:18,7100,東民大廈公共停車場,2026-09-28 13:44:55,360,339,0,0,5,,,,,,
2026-09-28 13:45:18,7091,東亞運大馬路公共停車場,2026-09-28 13:44:54,42,20,,,1,,,,,,
2026-09-28 13:45:18,7083,東創大廈,2026-09-28 13:44:46,130,90,31,31,5,,,,,,
2026-09-28 13:45:18,7084,東啟大廈,2026-09-28 13:44:52,272,246,26,31,4,,,,,,
2026-09-28 13:45:18,7087,東城大廈,2026-09-28 13:44:58,400,413,48,61,6,,,,,,
2026-09-28 13:45:18,7088,航海學校公共停車場,2026-09-28 13:44:50,36,42,8,,2,,,,,,
2026-09-28 13:45:18,7092,新城B區公共停車場,2026-09-28 13:44:37,,,,,,,,,,24小時,
2026-09-28 13:45:18,7096,高美士街公共停車場,2026-09-28 13:44:51,16,74,4,,1,,,,,,
2026-09-28 13:45:18,7099,徐日昇寅公馬路公共停車場,2026-09-28 13:44:51,,48,,,,,,,,,
2026-09-28 13:45:18,6043,松樹尾,2026-09-28 13:44:40,6,147,8,10,3,,,,,,
2026-09-28 13:45:18,7062,栢力,2026-09-28 13:44:58,228,,30,,2,,,,,,
2026-09-28 13:45:18,6010,科學館,2026-09-28 13:44:58,,,,,,,,,,24小時,orange
2026-09-28 13:45:18,6008,栢佳,2026-09-28 13:44:41,110,,8,,2,,,,,,
2026-09-28 13:45:18,7078,協和醫院 - 東入口,2026-09-28 13:44:59,153,,6,,3,,,,,,
2026-09-28 13:45:18,7079,協和醫院 - 北入口,2026-09-28 13:44:59,364,425,,9,5,,,,,,
2026-09-28 13:45:18,7074,旅遊塔,2026-09-28 13:44:58,141,11,,,,,,,,,
2026-09-28 13:45:18,6042,栢景,2026-09-28 13:44:53,8,,2,,2,,,,,,
2026-09-28 13:45:18,6011,栢樂停車場,2026-09-28 13:44:51,352,186,19,14,2,,,,,,yellow
2026-09-28 13:45:18,6012,栢蕙,2026-09-28 13:44:57,74,,8,,3,,,,,,
2026-09-28 13:45:18,6002,栢寧,2026-09-28 13:44:39,91,,4,,2,,,,,,
2026-09-28 13:45:18,6003,栢濤,2026-09-28 13:44:52,105,,9,,2,,,,,,
2026-09-28 13:45:18,6024,栢港,2026-09-28 13:44:42,49,,7,,2,,,,,,
2026-09-28 13:45:18,6023,栢麗,2026-09-28 13:44:47,46,,8,,2,,,,,,
2026-09-28 13:45:18,6027,栢威,2026-09-28 13:44:55,13,13,8,0,3,,,,,,
2026-09-28 13:45:18,6037,黑橋街,2026-09-28 13:44:58,15,24,7,12,,,,,,,
2026-09-28 13:45:18,6006,華士古達嘉馬花園,2026-09-28 13:44:56,3,67,3,6,3,,,,,,
2026-09-28 13:45:18,6014,祐漢公園,2026-09-28 13:44:59,55,93,9,13,4,,,,,,orange
2026-09-28 13:45:18,7052,港珠澳大橋邊檢大樓東公共停車場,2026-09-28 13:44:51,2765,,26,,31,,,,,,
2026-09-28 13:45:18,7053,港珠澳大橋邊檢大樓西停車場,2026-09-28 13:44:40,2598,1897,9,,34,,,,,,
2026-09-28 13:45:18,7075,媽閣交通樞紐停車場,2026-09-28 13:44:54,,,,,,,,,,24小時,
2026-09-28 13:45:18,7061,海灣南街,2026-09-28 13:44:36,35,73,1,10,4,,,,,,yellow
2026-09-28 13:45:18,7094,媽閣交通樞紐重型客車停車場,2026-09-28 13:44:39,,,,,,,,,24,,
2026-09-28 13:45:18,7071,華士古達嘉馬花園- 東區,2026-09-28 13:44:55,5,,,,,,,,,,
2026-09-28 13:45:18,7086,望信樓,2026-09-28 13:44:59,,,,,,,,,,夜間,orange
2026-09-28 13:45:18,7066,望德樓,2026-09-28 13:44:57,336,229,22,8,6,,,,,,orange
2026-09-28 13:45:18,7068,望廈體育中心,2026-09-28 13:44:53,102,118,6,4,4,,,,,,
2026-09-28 13:45:18,6007,望善樓,2026-09-28 13:44:56,22,101,5,17,4,,,,,,
2026-09-28 13:45:18,6025,望賢樓,2026-09-28 13:44:58,10,99,11,10,2,,,,,,
2026-09-28 13:45:18,6029,湖畔大廈,2026-09-28 13:44:57,315,770,7,9,8,,,,,,
2026-09-28 13:45:18,6032,業興大廈,2026-09-28 13:44:50,171,229,33,13,4,,,,,,
2026-09-28 13:45:18,7056,蝴蝶谷,2026-09-28 13:44:54,310,158,39,10,6,,,,,,
2026-09-28 13:45:18,7054,澳門新批發市場,2026-09-28 13:44:59,83,64,9,9,1,,,,,,yellow
2026-09-28 13:45:18,6015,蓮花路,2026-09-28 13:44:56,244,423,35,8,7,,,,,,
2026-09-28 13:45:18,7070,澳門文化中心,2026-09-28 13:44:39,100,13,,1,2,,,,,,orange
2026-09-28 13:45:18,6004,藝園,2026-09-28 13:44:55,81,212,19,10,4,,,,,,orange
2026-09-28 13:45:18,6031,樂群樓,2026-09-28 13:44:57,171,300,36,6,5,,,,,,
2026-09-28 13:45:18,6013,麗都,2026-09-28 13:44:54,8,7,2,3,1,,,,,,orange
2026-09-28 13:45:18,7060,關閘綜合體育場館,2026-09-28 13:44:53,17,230,9,0,10,,,,,,orange
2026-09-28 13:45:18,7069,聯生圓形地,2026-09-28 13:44:43,45,,7,,4,,,,,夜間,orange
2026-09-28 13:47:33,7085,蓮花路 (重型),2026-09-28 13:46:58,,,,,,,150,,84,,
2026-09-28 13:47:33,6045,塔石廣場地下上落客區(重型客車),2026-09-28 13:47:14,0,,,,,,,,,,
2026-09-28 13:47:33,6033,下環街市,2026-09-28 13:46:57,0,34,1,8,2,,,,,,yellow
2026-09-28 13:47:33,7095,山茶街公共停車場,2026-09-28 13:47:10,,,,,,,,,,24小時,
2026-09-28 13:47:33,6022,永寧街,2026-09-28 13:47:13,6,4,2,16,1,,,,,,orange
2026-09-28 13:47:33,6026,交通事務局大樓,2026-09-28 13:47:13,80,139,9,10,2,,,,,,
2026-09-28 13:47:33,6018,氹仔中央公園,2026-09-28 13:47:05,572,,102,,14,,,,,日夜間分段,orange
2026-09-28 13:47:33,6041,日昇樓,2026-09-28 13:46:43,129,,27,,4,,,,,日夜間分段,
2026-09-28 13:47:33,7051,日暉大廈,2026-09-28 13:47:09,13,,4,,1,,,,,日夜間分段,
2026-09-28 13:47:33,7067,台暉樓,2026-09-28 13:47:12,12,15,5,18,2,,,,,,
2026-09-28 13:47:33,7044,氹仔客運碼頭,2026-09-28 13:47:14,313,74,73,14,16,,,,,,orange
2026-09-28 13:47:33,6028,何賢公園,2026-09-28 13:47:10,206,465,27,48,4,,,,,,
2026-09-28 13:47:33,7090,巴波沙大馬路公共停車場,2026-09-28 13:46:46,3,2,2,,1,,,,,,
2026-09-28 13:47:33,7097,田畔街公共停車場,2026-09-28 13:46:52,11,7,2,,1,,,,,,
2026-09-28 13:47:33,7093,沙維斯街公共停車場,2026-09-28 13:47:03,4,1,3,,2,,,,,,
2026-09-28 13:47:33,7082,長者公寓,2026-09-28 13:47:10,248,108,20,12,4,,,,,,orange
2026-09-28 13:47:33,6005,宋玉生廣場,2026-09-28 13:47:13,380,,17,,7,,,,,,orange
2026-09-28 13:47:33,6030,居雅大廈,2026-09-28 13:47:12,142,201,8,11,3,,,,,,
2026-09-28 13:47:33,7072,快富樓A入口,2026-09-28 13:47:12,102,,15,,3,,,,,,
2026-09-28 13:47:33,7073,快富樓B入口,2026-09-28 13:47:12,4,104,,6,,,,,,,
2026-09-28 13:47:33,7063,李加祿街,2026-09-28 13:47:10,0,25,1,14,1,,,,,,yellow
2026-09-28 13:47:33,7050,和諧廣場,2026-09-28 13:47:11,149,117,19,14,7,,,,,,
2026-09-28 13:47:33,7055,沙梨頭街市市政綜合大樓,2026-09-28 13:47:11,43,66,9,1,1,,,,,,
2026-09-28 13:47:33,7057,快盈大廈,2026-09-28 13:46:55,18,45,2,12,2,,,,,,
2026-09-28 13:47:33,6038,快達樓,2026-09-28 13:47:12,104,26,4,6,4,,,,,,yellow
2026-09-28 13:47:33,6009,亞馬喇前地,2026-09-28 13:47:08,,,,,,,,,,夜間,orange
2026-09-28 13:47:33,6020,河邊新街,2026-09-28 13:47:13,30,64,4,13,2,,,,,,
2026-09-28 13:47:33,6034,馬六甲街,2026-09-28 13:47:14,142,524,15,8,4,,,,,,orange
2026-09-28 13:47:33,7065,污水處理站,2026-09-28 13:47:13,102,,12,,,145,,112,,,
2026-09-28 13:47:33,7076,氹仔柯維納馬路停車場,2026-09-28 13:46:54,84,,,,2,,,,,,
2026-09-28 13:47:33,7077,柯維納馬路戶外,2026-09-28 13:47:06,40,39,,,0,,,,4,,
2026-09-28 13:47:33,6019,青翠樓,2026-09-28 13:47:10,228,406,28,14,4,,,,,,
2026-09-28 13:47:33,7081,專科大樓,2026-09-28 13:46:46,37,44,3,4,2,,,,,,
2026-09-28 13:47:33,7089,路環打纜街公共停車場,2026-09-28 13:47:05,45,44,8,,2,,,,,,
2026-09-28 13:47:33,7098,南灣大馬路公共停車場,2026-09-28 13:47:02,,28,,,,,,,,,
2026-09-28 13:47:33,6001,南灣(栢湖),2026-09-28 13:47:12,225,78,3,1,2,,,,,,
2026-09-28 13:47:33,6035,青葱大廈,2026-09-28 13:47:05,0,0,0,0,2,,,,,,
2026-09-28 13:47:33,6039,青泉樓,2026-09-28 13:47:05,5,4,5,1,1,,,,,,
2026-09-28 13:47:33,6040,青怡大廈,2026-09-28 13:46:58,86,117,8,8,3,,,,,,yellow
2026-09-28 13:47:33,7064,青茂口岸,2026-09-28 13:47:05,2,0,0,12,5,,,,,,yellow
2026-09-28 13:47:33,7058,青濤大廈,2026-09-28 13:47:12,25,32,7,8,1,,,,,,
2026-09-28 13:47:33,7059,青洲坊大廈,2026-09-28 13:47:12,139,473,52,0,15,,,,,,yellow
2026-09-28 13:47:33,7100,東民大廈公共停車場,2026-09-28 13:46:55,360,339,0,0,5,,,,,,
2026-09-28 13:47:33,7091,東亞運大馬路公共停車場,2026-09-28 13:46:54,42,20,,,1,,,,,,
2026-09-28 13:47:33,7083,東創大廈,2026-09-28 13:46:51,130,90,31,31,5,,,,,,
2026-09-28 13:47:33,7084,東啟大廈,2026-09-28 13:46:57,272,246,26,31,4,,,,,,
2026-09-28 13:47:33,7087,東城大廈,2026-09-28 13:47:08,402,414,49,61,6,,,,,,
2026-09-28 13:47:33,7088,航海學校公共停車場,2026-09-28 13:46:55,38,42,8,,2,,,,,,
2026-09-28 13:47:33,7092,新城B區公共停車場,2026-09-28 13:47:07,,,,,,,,,,24小時,
2026-09-28 13:47:33,7096,高美士街公共停車場,2026-09-28 13:46:51,16,74,4,,1,,,,,,
2026-09-28 13:47:33,7099,徐日昇寅公馬路公共停車場,2026-09-28 13:46:51,,48,,,,,,,,,
2026-09-28 13:47:33,6043,松樹尾,2026-09-28 13:47:03,5,147,8,10,3,,,,,,
2026-09-28 13:47:33,7062,栢力,2026-09-28 13:47:10,228,,30,,2,,,,,,
2026-09-28 13:47:33,6010,科學館,2026-09-28 13:47:03,,,,,,,,,,24小時,orange
2026-09-28 13:47:33,6008,栢佳,2026-09-28 13:46:46,110,,8,,2,,,,,,
2026-09-28 13:47:33,7078,協和醫院 - 東入口,2026-09-28 13:47:13,153,,6,,3,,,,,,
2026-09-28 13:47:33,7079,協和醫院 - 北入口,2026-09-28 13:47:13,364,425,,9,5,,,,,,
2026-09-28 13:47:33,7074,旅遊塔,2026-09-28 13:47:12,141,11,,,,,,,,,
2026-09-28 13:47:33,6042,栢景,2026-09-28 13:47:08,9,,2,,2,,,,,,
2026-09-28 13:47:33,6011,栢樂停車場,2026-09-28 13:47:12,352,186,19,14,2,,,,,,yellow
2026-09-28 13:47:33,6012,栢蕙,2026-09-28 13:47:14,76,,9,,3,,,,,,
2026-09-28 13:47:33,6002,栢寧,2026-09-28 13:46:44,89,,4,,2,,,,,,
2026-09-28 13:47:33,6003,栢濤,2026-09-28 13:46:56,104,,9,,2,,,,,,
2026-09-28 13:47:33,6024,栢港,2026-09-28 13:46:52,50,,7,,2,,,,,,
2026-09-28 13:47:33,6023,栢麗,2026-09-28 13:46:44,46,,8,,2,,,,,,
2026-09-28 13:47:33,6027,栢威,2026-09-28 13:47:09,14,14,8,0,3,,,,,,
2026-09-28 13:47:33,6037,黑橋街,2026-09-28 13:47:11,15,24,7,12,,,,,,,
2026-09-28 13:47:33,6006,華士古達嘉馬花園,2026-09-28 13:47:11,2,68,3,6,3,,,,,,
2026-09-28 13:47:33,6014,祐漢公園,2026-09-28 13:47:12,57,94,9,13,4,,,,,,orange
2026-09-28 13:47:33,7052,港珠澳大橋邊檢大樓東公共停車場,2026-09-28 13:47:05,2767,,26,,31,,,,,,
2026-09-28 13:47:33,7053,港珠澳大橋邊檢大樓西停車場,2026-09-28 13:47:09,2599,1895,9,,34,,,,,,
2026-09-28 13:47:33,7075,媽閣交通樞紐停車場,2026-09-28 13:47:12,,,,,,,,,,24小時,
2026-09-28 13:47:33,7061,海灣南街,2026-09-28 13:47:11,36,75,1,10,4,,,,,,yellow
2026-09-28 13:47:33,7094,媽閣交通樞紐重型客車停車場,2026-09-28 13:47:09,,,,,,,,,24,,
2026-09-28 13:47:33,7071,華士古達嘉馬花園- 東區,2026-09-28 13:47:08,4,,,,,,,,,,
2026-09-28 13:47:33,7086,望信樓,2026-09-28 13:47:13,,,,,,,,,,夜間,orange
2026-09-28 13:47:33,7066,望德樓,2026-09-28 13:47:12,336,229,22,8,6,,,,,,orange
2026-09-28 13:47:33,7068,望廈體育中心,2026-09-28 13:47:14,102,118,6,4,4,,,,,,
2026-09-28 13:47:33,6007,望善樓,2026-09-28 13:47:13,23,101,6,17,4,,,,,,
2026-09-28 13:47:33,6025,望賢樓,2026-09-28 13:47:13,8,99,11,10,2,,,,,,
2026-09-28 13:47:33,6029,湖畔大廈,2026-09-28 13:47:11,320,770,7,9,8,,,,,,
2026-09-28 13:47:33,6032,業興大廈,2026-09-28 13:47:13,174,230,33,13,4,,,,,,
2026-09-28 13:47:33,7056,蝴蝶谷,2026-09-28 13:46:59,310,158,39,10,6,,,,,,
2026-09-28 13:47:33,7054,澳門新批發市場,2026-09-28 13:47:04,83,64,9,9,1,,,,,,yellow
2026-09-28 13:47:33,6015,蓮花路,2026-09-28 13:47:10,245,424,35,8,7,,,,,,
2026-09-28 13:47:33,7070,澳門文化中心,2026-09-28 13:47:02,100,13,,1,2,,,,,,orange
2026-09-28 13:47:33,6004,藝園,2026-09-28 13:47:11,82,213,19,10,4,,,,,,orange
2026-09-28 13:47:33,6031,樂群樓,2026-09-28 13:47:07,171,301,36,6,5,,,,,,
2026-09-28 13:47:33,6013,麗都,2026-09-28 13:47:05,9,7,2,3,1,,,,,,orange
2026-09-28 13:47:33,7060,關閘綜合體育場館,2026-09-28 13:47:05,11,226,9,0,10,,,,,,orange
2026-09-28 13:47:33,7069,聯生圓形地,2026-09-28 13:47:06,43,,7,,4,,,,,夜間,orange
2026-09-28 15:55:16,7085,蓮花路 (重型),2026-09-28 15:54:15,,,,,,,149,,77,,
2026-09-28 15:55:16,6045,塔石廣場地下上落客區(重型客車),2026-09-28 15:54:41,0,,,,,,,,,,
2026-09-28 15:55:16,6033,下環街市,2026-09-28 15:54:34,1,34,2,4,2,,,,,,yellow
2026-09-28 15:55:16,7095,山茶街公共停車場,2026-09-28 15:54:40,,,,,,,,,,24小時,
2026-09-28 15:55:16,6022,永寧街,2026-09-28 15:54:43,4,10,2,16,1,,,,,,orange
2026-09-28 15:55:16,6026,交通事務局大樓,2026-09-28 15:54:42,82,136,9,10,2,,,,,,
2026-09-28 15:55:16,6018,氹仔中央公園,2026-09-28 15:54:40,578,,103,,14,,,,,日夜間分段,orange
2026-09-28 15:55:16,6041,日昇樓,2026-09-28 15:54:23,130,,27,,4,,,,,日夜間分段,
2026-09-28 15:55:16,7051,日暉大廈,2026-09-28 15:54:20,21,,4,,1,,,,,日夜間分段,
2026-09-28 15:55:16,7067,台暉樓,2026-09-28 15:54:41,19,16,4,15,2,,,,,,
2026-09-28 15:55:16,7044,氹仔客運碼頭,2026-09-28 15:54:35,306,76,73,14,16,,,,,,orange
2026-09-28 15:55:16,6028,何賢公園,2026-09-28 15:54:41,211,471,27,48,4,,,,,,
2026-09-28 15:55:16,7090,巴波沙大馬路公共停車場,2026-09-28 15:54:26,0,9,1,,1,,,,,,
2026-09-28 15:55:16,7097,田畔街公共停車場,2026-09-28 15:54:52,4,6,2,,1,,,,,,
2026-09-28 15:55:16,7093,沙維斯街公共停車場,2026-09-28 15:54:32,7,15,4,,2,,,,,,
2026-09-28 15:55:16,7082,長者公寓,2026-09-28 15:54:39,271,111,18,15,4,,,,,,orange
2026-09-28 15:55:16,6005,宋玉生廣場,2026-09-28 15:54:40,348,,17,,7,,,,,,orange
2026-09-28 15:55:16,6030,居雅大廈,2026-09-28 15:54:42,168,204,8,11,3,,,,,,
2026-09-28 15:55:16,7072,快富樓A入口,2026-09-28 15:54:36,110,,17,,3,,,,,,
2026-09-28 15:55:16,7073,快富樓B入口,2026-09-28 15:54:36,4,83,,7,,,,,,,
2026-09-28 15:55:16,7063,李加祿街,2026-09-28 15:54:43,1,31,1,14,1,,,,,,yellow
2026-09-28 15:55:16,7050,和諧廣場,2026-09-28 15:54:43,148,113,19,14,7,,,,,,
2026-09-28 15:55:16,7055,沙梨頭街市市政綜合大樓,2026-09-28 15:54:38,45,68,11,3,1,,,,,,
2026-09-28 15:55:16,7057,快盈大廈,2026-09-28 15:54:34,31,43,4,12,2,,,,,,
2026-09-28 15:55:16,6038,快達樓,2026-09-28 15:54:36,117,26,4,6,4,,,,,,yellow
2026-09-28 15:55:16,6009,亞馬喇前地,2026-09-28 15:54:37,,,,,,,,,,夜間,orange
2026-09-28 15:55:16,6020,河邊新街,2026-09-28 15:54:43,27,61,5,14,2,,,,,,
2026-09-28 15:55:16,6034,馬六甲街,2026-09-28 15:54:44,159,525,15,7,4,,,,,,orange
2026-09-28 15:55:16,7065,污水處理站,2026-09-28 15:54:30,114,,12,,,142,,117,,,
2026-09-28 15:55:16,7076,氹仔柯維納馬路停車場,2026-09-28 15:54:16,84,,,,2,,,,,,
2026-09-28 15:55:16,7077,柯維納馬路戶外,2026-09-28 15:54:23,59,39,,,0,,,,5,,
2026-09-28 15:55:16,6019,青翠樓,2026-09-28 15:54:39,236,416,28,14,4,,,,,,
2026-09-28 15:55:16,7081,專科大樓,2026-09-28 15:54:30,42,37,4,3,2,,,,,,
2026-09-28 15:55:16,7089,路環打纜街公共停車場,2026-09-28 15:54:38,48,45,8,,2,,,,,,
2026-09-28 15:55:16,7098,南灣大馬路公共停車場,2026-09-28 15:54:31,,19,,,,,,,,,
2026-09-28 15:55:16,6001,南灣(栢湖),2026-09-28 15:54:42,254,72,3,1,2,,,,,,
2026-09-28 15:55:16,6035,青葱大廈,2026-09-28 15:54:35,0,1,4,0,3,,,,,,
2026-09-28 15:55:16,6039,青泉樓,2026-09-28 15:54:41,0,4,5,1,1,,,,,,
2026-09-28 15:55:16,6040,青怡大廈,2026-09-28 15:54:21,70,131,10,8,3,,,,,,yellow
2026-09-28 15:55:16,7064,青茂口岸,2026-09-28 15:54:40,1,1,5,12,4,,,,,,yellow
2026-09-28 15:55:16,7058,青濤大廈,2026-09-28 15:54:43,20,30,7,8,1,,,,,,
2026-09-28 15:55:16,7059,青洲坊大廈,2026-09-28 15:54:43,228,476,60,0,14,,,,,,yellow
2026-09-28 15:55:16,7100,東民大廈公共停車場,2026-09-28 15:54:55,361,338,0,0,5,,,,,,
2026-09-28 15:55:16,7091,東亞運大馬路公共停車場,2026-09-28 15:54:54,35,16,,,1,,,,,,
2026-09-28 15:55:16,7083,東創大廈,2026-09-28 15:54:31,134,83,31,31,5,,,,,,
2026-09-28 15:55:16,7084,東啟大廈,2026-09-28 15:54:39,270,247,26,31,4,,,,,,
2026-09-28 15:55:16,7087,東城大廈,2026-09-28 15:54:35,389,420,50,61,6,,,,,,
2026-09-28 15:55:16,7088,航海學校公共停車場,2026-09-28 15:54:27,41,42,8,,2,,,,,,
2026-09-28 15:55:16,7092,新城B區公共停車場,2026-09-28 15:54:38,,,,,,,,,,24小時,
2026-09-28 15:55:16,7096,高美士街公共停車場,2026-09-28 15:54:51,10,73,4,,1,,,,,,
2026-09-28 15:55:16,7099,徐日昇寅公馬路公共停車場,2026-09-28 15:54:51,,47,,,,,,,,,
2026-09-28 15:55:16,6043,松樹尾,2026-09-28 15:54:34,45,142,8,10,3,,,,,,
2026-09-28 15:55:16,7062,栢力,2026-09-28 15:54:41,208,,30,,2,,,,,,
2026-09-28 15:55:16,6010,科學館,2026-09-28 15:54:39,,,,,,,,,,24小時,orange
2026-09-28 15:55:16,6008,栢佳,2026-09-28 15:54:40,114,,9,,2,,,,,,
2026-09-28 15:55:16,7078,協和醫院 - 東入口,2026-09-28 15:54:43,155,,6,,3,,,,,,
2026-09-28 15:55:16,7079,協和醫院 - 北入口,2026-09-28 15:54:43,369,422,,9,5,,,,,,
2026-09-28 15:55:16,7074,旅遊塔,2026-09-28 15:54:41,152,14,,,,,,,,,
2026-09-28 15:55:16,6042,栢景,2026-09-28 15:54:15,13,,1,,2,,,,,,
2026-09-28 15:55:16,6011,栢樂停車場,2026-09-28 15:54:37,352,186,18,14,2,,,,,,yellow
2026-09-28 15:55:16,6012,栢蕙,2026-09-28 15:54:43,67,,6,,3,,,,,,
2026-09-28 15:55:16,6002,栢寧,2026-09-28 15:54:13,91,,4,,2,,,,,,
2026-09-28 15:55:16,6003,栢濤,2026-09-28 15:54:17,119,,10,,2,,,,,,
2026-09-28 15:55:16,6024,栢港,2026-09-28 15:54:39,74,,6,,2,,,,,,
2026-09-28 15:55:16,6023,栢麗,2026-09-28 15:54:41,46,,9,,2,,,,,,
2026-09-28 15:55:16,6027,栢威,2026-09-28 15:54:35,6,7,4,0,3,,,,,,
2026-09-28 15:55:16,6037,黑橋街,2026-09-28 15:54:37,23,24,7,12,,,,,,,
2026-09-28 15:55:16,6006,華士古達嘉馬花園,2026-09-28 15:54:44,2,68,3,7,3,,,,,,
2026-09-28 15:55:16,6014,祐漢公園,2026-09-28 15:54:42,62,90,7,13,4,,,,,,orange
2026-09-28 15:55:16,7052,港珠澳大橋邊檢大樓東公共停車場,2026-09-28 15:54:35,2758,,26,,31,,,,,,
2026-09-28 15:55:16,7053,港珠澳大橋邊檢大樓西停車場,2026-09-28 15:54:37,2596,1895,5,,34,,,,,,
2026-09-28 15:55:16,7075,媽閣交通樞紐停車場,2026-09-28 15:54:43,,,,,,,,,,24小時,
2026-09-28 15:55:16,7061,海灣南街,2026-09-28 15:54:26,42,77,0,10,4,,,,,,yellow
2026-09-28 15:55:16,7094,媽閣交通樞紐重型客車停車場,2026-09-28 15:54:39,,,,,,,,,24,,
2026-09-28 15:55:16,7071,華士古達嘉馬花園- 東區,2026-09-28 15:54:44,7,,,,,,,,,,
2026-09-28 15:55:16,7086,望信樓,2026-09-28 15:54:26,,,,,,,,,,夜間,orange
2026-09-28 15:55:16,7066,望德樓,2026-09-28 15:54:44,350,228,22,8,6,,,,,,orange
2026-09-28 15:55:16,7068,望廈體育中心,2026-09-28 15:54:40,97,115,9,6,4,,,,,,
2026-09-28 15:55:16,6007,望善樓,2026-09-28 15:54:44,18,102,6,16,4,,,,,,
2026-09-28 15:55:16,6025,望賢樓,2026-09-28 15:54:39,26,98,11,10,2,,,,,,
2026-09-28 15:55:16,6029,湖畔大廈,2026-09-28 15:54:37,378,776,8,9,8,,,,,,
2026-09-28 15:55:16,6032,業興大廈,2026-09-28 15:54:37,172,241,33,13,4,,,,,,
2026-09-28 15:55:16,7056,蝴蝶谷,2026-09-28 15:54:34,305,158,37,9,6,,,,,,
2026-09-28 15:55:16,7054,澳門新批發市場,2026-09-28 15:54:33,85,65,10,9,1,,,,,,yellow
2026-09-28 15:55:16,6015,蓮花路,2026-09-28 15:54:39,233,419,35,8,7,,,,,,
2026-09-28 15:55:16,7070,澳門文化中心,2026-09-28 15:54:33,89,13,,1,2,,,,,,orange
2026-09-28 15:55:16,6004,藝園,2026-09-28 15:54:36,103,217,19,10,4,,,,,,orange
2026-09-28 15:55:16,6031,樂群樓,2026-09-28 15:54:38,190,309,35,6,5,,,,,,
2026-09-28 15:55:16,6013,麗都,2026-09-28 15:54:36,8,3,3,4,1,,,,,,orange
2026-09-28 15:55:16,7060,關閘綜合體育場館,2026-09-28 15:54:43,32,182,9,0,10,,,,,,orange
2026-09-28 15:55:16,7069,聯生圓形地,2026-09-28 15:54:28,68,,10,,4,,,,,夜間,orange
2026-09-28 20:25:53,7085,蓮花路 (重型),2026-09-28 20:24:59,,,,,,,151,,80,,
2026-09-28 20:25:53,6045,塔石廣場地下上落客區(重型客車),2026-09-28 20:25:26,0,,,,,,,,,,
2026-09-28 20:25:53,6033,下環街市,2026-09-28 20:25:05,8,52,2,10,2,,,,,,yellow
2026-09-28 20:25:53,7095,山茶街公共停車場,2026-09-28 20:25:11,,,,,,,,,,24小時,
2026-09-28 20:25:53,6022,永寧街,2026-09-28 20:25:28,0,0,4,18,1,,,,,,orange
2026-09-28 20:25:53,6026,交通事務局大樓,2026-09-28 20:25:26,83,141,8,10,2,,,,,,
2026-09-28 20:25:53,6018,氹仔中央公園,2026-09-28 20:25:24,393,,102,,14,,,,,日夜間分段,orange
2026-09-28 20:25:53,6041,日昇樓,2026-09-28 20:25:21,139,,27,,4,,,,,日夜間分段,
2026-09-28 20:25:53,7051,日暉大廈,2026-09-28 20:25:14,18,,6,,1,,,,,日夜間分段,
2026-09-28 20:25:53,7067,台暉樓,2026-09-28 20:25:26,6,47,2,13,2,,,,,,
2026-09-28 20:25:53,7044,氹仔客運碼頭,2026-09-28 20:25:28,384,78,75,15,16,,,,,,orange
2026-09-28 20:25:53,6028,何賢公園,2026-09-28 20:25:28,219,498,27,48,4,,,,,,
2026-09-28 20:25:53,7090,巴波沙大馬路公共停車場,2026-09-28 20:25:29,4,2,3,,1,,,,,,
2026-09-28 20:25:53,7097,田畔街公共停車場,2026-09-28 20:25:22,0,13,2,,1,,,,,,
2026-09-28 20:25:53,7093,沙維斯街公共停車場,2026-09-28 20:25:33,1,18,4,,2,,,,,,
2026-09-28 20:25:53,7082,長者公寓,2026-09-28 20:25:23,231,105,10,9,4,,,,,,orange
2026-09-28 20:25:53,6005,宋玉生廣場,2026-09-28 20:25:27,454,,17,,7,,,,,,orange
2026-09-28 20:25:53,6030,居雅大廈,2026-09-28 20:25:25,36,191,8,11,3,,,,,,
2026-09-28 20:25:53,7072,快富樓A入口,2026-09-28 20:25:24,59,,18,,3,,,,,,
2026-09-28 20:25:53,7073,快富樓B入口,2026-09-28 20:24:35,0,103,,4,,,,,,,
2026-09-28 20:25:53,7063,李加祿街,2026-09-28 20:25:29,0,11,3,17,1,,,,,,yellow
2026-09-28 20:25:53,7050,和諧廣場,2026-09-28 20:25:27,152,122,19,14,7,,,,,,
2026-09-28 20:25:53,7055,沙梨頭街市市政綜合大樓,2026-09-28 20:25:06,41,73,6,3,1,,,,,,
2026-09-28 20:25:53,7057,快盈大廈,2026-09-28 20:25:30,0,42,3,10,2,,,,,,
2026-09-28 20:25:53,6038,快達樓,2026-09-28 20:25:07,59,35,4,6,4,,,,,,yellow
2026-09-28 20:25:53,6009,亞馬喇前地,2026-09-28 20:25:20,,,,,,,,,,夜間,orange
2026-09-28 20:25:53,6020,河邊新街,2026-09-28 20:25:27,11,62,6,13,2,,,,,,
2026-09-28 20:25:53,6034,馬六甲街,2026-09-28 20:25:25,139,536,16,7,4,,,,,,orange
2026-09-28 20:25:53,7065,污水處理站,2026-09-28 20:25:11,92,,14,,,129,,106,,,
2026-09-28 20:25:53,7076,氹仔柯維納馬路停車場,2026-09-28 20:25:12,69,,,,2,,,,,,
2026-09-28 20:25:53,7077,柯維納馬路戶外,2026-09-28 20:25:21,39,42,,,0,,,,4,,
2026-09-28 20:25:53,6019,青翠樓,2026-09-28 20:25:19,225,436,28,14,4,,,,,,
2026-09-28 20:25:53,7081,專科大樓,2026-09-28 20:25:21,42,61,3,3,2,,,,,,
2026-09-28 20:25:53,7089,路環打纜街公共停車場,2026-09-28 20:25:22,57,46,8,,2,,,,,,
2026-09-28 20:25:53,7098,南灣大馬路公共停車場,2026-09-28 20:25:31,,50,,,,,,,,,
2026-09-28 20:25:53,6001,南灣(栢湖),2026-09-28 20:25:24,358,119,6,5,2,,,,,,
2026-09-28 20:25:53,6035,青葱大廈,2026-09-28 20:24:59,1,4,1,,3,,,,,,
2026-09-28 20:25:53,6039,青泉樓,2026-09-28 20:25:29,0,7,5,2,1,,,,,,
2026-09-28 20:25:53,6040,青怡大廈,2026-09-28 20:25:25,78,132,6,8,3,,,,,,yellow
2026-09-28 20:25:53,7064,青茂口岸,2026-09-28 20:25:24,5,0,7,23,5,,,,,,yellow
2026-09-28 20:25:53,7058,青濤大廈,2026-09-28 20:25:25,34,34,7,8,1,,,,,,
2026-09-28 20:25:53,7059,青洲坊大廈,2026-09-28 20:25:27,481,405,80,0,15,,,,,,yellow
2026-09-28 20:25:53,7100,東民大廈公共停車場,2026-09-28 20:25:25,361,342,0,0,5,,,,,,
2026-09-28 20:25:53,7091,東亞運大馬路公共停車場,2026-09-28 20:25:25,19,16,,,1,,,,,,
2026-09-28 20:25:53,7083,東創大廈,2026-09-28 20:25:29,118,82,31,31,5,,,,,,
2026-09-28 20:25:53,7084,東啟大廈,2026-09-28 20:25:07,276,243,26,31,4,,,,,,
2026-09-28 20:25:53,7087,東城大廈,2026-09-28 20:25:24,394,426,48,61,6,,,,,,
2026-09-28 20:25:53,7088,航海學校公共停車場,2026-09-28 20:25:28,20,44,10,,2,,,,,,
2026-09-28 20:25:53,7092,新城B區公共停車場,2026-09-28 20:25:38,,,,,,,,,,24小時,
2026-09-28 20:25:53,7096,高美士街公共停車場,2026-09-28 20:25:22,3,36,2,,0,,,,,,
2026-09-28 20:25:53,7099,徐日昇寅公馬路公共停車場,2026-09-28 20:25:20,,48,,,,,,,,,
2026-09-28 20:25:53,6043,松樹尾,2026-09-28 20:25:26,53,152,8,10,3,,,,,,
2026-09-28 20:25:53,7062,栢力,2026-09-28 20:25:27,229,,30,,2,,,,,,
2026-09-28 20:25:53,6010,科學館,2026-09-28 20:25:22,,,,,,,,,,24小時,orange
2026-09-28 20:25:53,6008,栢佳,2026-09-28 20:25:04,121,,8,,2,,,,,,
2026-09-28 20:25:53,7078,協和醫院 - 東入口,2026-09-28 20:25:29,157,,6,,3,,,,,,
2026-09-28 20:25:53,7079,協和醫院 - 北入口,2026-09-28 20:25:29,374,433,,9,5,,,,,,
2026-09-28 20:25:53,7074,旅遊塔,2026-09-28 20:25:23,146,12,,,,,,,,,
2026-09-28 20:25:53,6042,栢景,2026-09-28 20:25:25,17,,2,,2,,,,,,
2026-09-28 20:25:53,6011,栢樂停車場,2026-09-28 20:25:28,352,186,18,14,2,,,,,,yellow
2026-09-28 20:25:53,6012,栢蕙,2026-09-28 20:25:25,63,,8,,3,,,,,,
2026-09-28 20:25:53,6002,栢寧,2026-09-28 20:25:22,119,,8,,2,,,,,,
2026-09-28 20:25:53,6003,栢濤,2026-09-28 20:25:01,135,,11,,2,,,,,,
2026-09-28 20:25:53,6024,栢港,2026-09-28 20:25:27,66,,7,,2,,,,,,
2026-09-28 20:25:53,6023,栢麗,2026-09-28 20:25:07,41,,4,,1,,,,,,
2026-09-28 20:25:53,6027,栢威,2026-09-28 20:25:21,24,11,7,0,3,,,,,,
2026-09-28 20:25:53,6037,黑橋街,2026-09-28 20:25:28,15,26,8,10,,,,,,,
2026-09-28 20:25:53,6006,華士古達嘉馬花園,2026-09-28 20:25:26,28,96,4,9,3,,,,,,
2026-09-28 20:25:53,6014,祐漢公園,2026-09-28 20:25:29,44,95,9,11,4,,,,,,orange
2026-09-28 20:25:53,7052,港珠澳大橋邊檢大樓東公共停車場,2026-09-28 20:25:26,2765,,31,,31,,,,,,
2026-09-28 20:25:53,7053,港珠澳大橋邊檢大樓西停車場,2026-09-28 20:25:18,2772,1957,7,,34,,,,,,
2026-09-28 20:25:53,7075,媽閣交通樞紐停車場,2026-09-28 20:25:25,,,,,,,,,,24小時,
2026-09-28 20:25:53,7061,海灣南街,2026-09-28 20:25:09,5,60,2,14,4,,,,,,yellow
2026-09-28 20:25:53,7094,媽閣交通樞紐重型客車停車場,2026-09-28 20:25:39,,,,,,,,,24,,
2026-09-28 20:25:53,7071,華士古達嘉馬花園- 東區,2026-09-28 20:25:26,7,,,,,,,,,,
2026-09-28 20:25:53,7086,望信樓,2026-09-28 20:25:23,,,,,,,,,,夜間,orange
2026-09-28 20:25:53,7066,望德樓,2026-09-28 20:25:28,342,237,22,8,6,,,,,,orange
2026-09-28 20:25:53,7068,望廈體育中心,2026-09-28 20:25:23,74,81,9,0,4,,,,,,
2026-09-28 20:25:53,6007,望善樓,2026-09-28 20:25:28,18,117,6,18,4,,,,,,
2026-09-28 20:25:53,6025,望賢樓,2026-09-28 20:25:24,24,96,10,10,2,,,,,,
2026-09-28 20:25:53,6029,湖畔大廈,2026-09-28 20:25:29,192,747,20,11,8,,,,,,
2026-09-28 20:25:53,6032,業興大廈,2026-09-28 20:25:20,138,225,34,12,4,,,,,,
2026-09-28 20:25:53,7056,蝴蝶谷,2026-09-28 20:25:24,311,162,37,10,6,,,,,,
2026-09-28 20:25:53,7054,澳門新批發市場,2026-09-28 20:25:23,101,68,9,9,1,,,,,,yellow
2026-09-28 20:25:53,6015,蓮花路,2026-09-28 20:25:29,292,452,40,7,7,,,,,,
2026-09-28 20:25:53,7070,澳門文化中心,2026-09-28 20:25:29,111,31,,4,2,,,,,,orange
2026-09-28 20:25:53,6004,藝園,2026-09-28 20:25:25,148,266,19,12,4,,,,,,orange
2026-09-28 20:25:53,6031,樂群樓,2026-09-28 20:25:29,171,314,30,8,5,,,,,,
2026-09-28 20:25:53,6013,麗都,2026-09-28 20:25:24,15,4,2,4,1,,,,,,orange
2026-09-28 20:25:53,7060,關閘綜合體育場館,2026-09-28 20:25:20,193,285,8,3,10,,,,,,orange
2026-09-28 20:25:53,7069,聯生圓形地,2026-09-28 20:25:22,36,,10,,4,,,,,夜間,orange
2026-09-28 20:36:57,7085,蓮花路 (重型),2026-09-28 20:36:28,,,,,,,151,,80,,
2026-09-28 20:36:57,6045,塔石廣場地下上落客區(重型客車),2026-09-28 20:36:40,0,,,,,,,,,,
2026-09-28 20:36:57,6033,下環街市,2026-09-28 20:36:33,12,52,2,10,2,,,,,,yellow
2026-09-28 20:36:57,7095,山茶街公共停車場,2026-09-28 20:36:41,,,,,,,,,,24小時,
2026-09-28 20:36:57,6022,永寧街,2026-09-28 20:36:44,0,12,3,6,1,,,,,,orange
2026-09-28 20:36:57,6026,交通事務局大樓,2026-09-28 20:36:37,83,141,8,10,2,,,,,,
2026-09-28 20:36:57,6018,氹仔中央公園,2026-09-28 20:36:37,389,,102,,14,,,,,日夜間分段,orange
2026-09-28 20:36:57,6041,日昇樓,2026-09-28 20:36:18,139,,27,,4,,,,,日夜間分段,
2026-09-28 20:36:57,7051,日暉大廈,2026-09-28 20:36:37,15,,6,,1,,,,,日夜間分段,
2026-09-28 20:36:57,7067,台暉樓,2026-09-28 20:36:40,9,48,2,13,2,,,,,,
2026-09-28 20:36:57,7044,氹仔客運碼頭,2026-09-28 20:36:36,384,78,75,15,16,,,,,,orange
2026-09-28 20:36:57,6028,何賢公園,2026-09-28 20:36:37,222,498,27,48,4,,,,,,
2026-09-28 20:36:57,7090,巴波沙大馬路公共停車場,2026-09-28 20:36:26,4,4,3,,1,,,,,,
2026-09-28 20:36:57,7097,田畔街公共停車場,2026-09-28 20:36:22,0,14,2,,1,,,,,,
2026-09-28 20:36:57,7093,沙維斯街公共停車場,2026-09-28 20:36:33,0,14,4,,2,,,,,,
2026-09-28 20:36:57,7082,長者公寓,2026-09-28 20:36:43,236,105,10,9,4,,,,,,orange
2026-09-28 20:36:57,6005,宋玉生廣場,2026-09-28 20:36:40,462,,17,,7,,,,,,orange
2026-09-28 20:36:57,6030,居雅大廈,2026-09-28 20:36:40,16,191,8,11,3,,,,,,
2026-09-28 20:36:57,7072,快富樓A入口,2026-09-28 20:35:58,61,,18,,3,,,,,,
2026-09-28 20:36:57,7073,快富樓B入口,2026-09-28 20:36:34,1,103,,4,,,,,,,
2026-09-28 20:36:57,7063,李加祿街,2026-09-28 20:36:41,0,12,3,17,1,,,,,,yellow
2026-09-28 20:36:57,7050,和諧廣場,2026-09-28 20:36:44,153,122,19,14,7,,,,,,
2026-09-28 20:36:57,7055,沙梨頭街市市政綜合大樓,2026-09-28 20:36:31,43,73,7,3,1,,,,,,
2026-09-28 20:36:57,7057,快盈大廈,2026-09-28 20:36:21,0,39,3,10,2,,,,,,
2026-09-28 20:36:57,6038,快達樓,2026-09-28 20:36:36,63,34,4,6,4,,,,,,yellow
2026-09-28 20:36:57,6009,亞馬喇前地,2026-09-28 20:36:37,,,,,,,,,,夜間,orange
2026-09-28 20:36:57,6020,河邊新街,2026-09-28 20:36:42,10,63,7,13,2,,,,,,
2026-09-28 20:36:57,6034,馬六甲街,2026-09-28 20:36:38,143,536,16,7,4,,,,,,orange
2026-09-28 20:36:57,7065,污水處理站,2026-09-28 20:36:37,95,,2,,,129,,105,,,
2026-09-28 20:36:57,7076,氹仔柯維納馬路停車場,2026-09-28 20:36:42,68,,,,2,,,,,,
2026-09-28 20:36:57,7077,柯維納馬路戶外,2026-09-28 20:36:32,39,42,,,0,,,,4,,
2026-09-28 20:36:57,6019,青翠樓,2026-09-28 20:36:17,225,437,28,14,4,,,,,,
2026-09-28 20:36:57,7081,專科大樓,2026-09-28 20:36:34,42,61,3,3,2,,,,,,
2026-09-28 20:36:57,7089,路環打纜街公共停車場,2026-09-28 20:36:18,56,46,8,,2,,,,,,
2026-09-28 20:36:57,7098,南灣大馬路公共停車場,2026-09-28 20:36:31,,51,,,,,,,,,
2026-09-28 20:36:57,6001,南灣(栢湖),2026-09-28 20:36:43,357,116,6,5,2,,,,,,
2026-09-28 20:36:57,6035,青葱大廈,2026-09-28 20:36:38,0,6,1,1,3,,,,,,
2026-09-28 20:36:57,6039,青泉樓,2026-09-28 20:36:23,0,6,5,2,1,,,,,,
2026-09-28 20:36:57,6040,青怡大廈,2026-09-28 20:36:31,78,130,6,8,3,,,,,,yellow
2026-09-28 20:36:57,7064,青茂口岸,2026-09-28 20:36:37,5,0,7,23,5,,,,,,yellow
2026-09-28 20:36:57,7058,青濤大廈,2026-09-28 20:36:43,33,34,7,8,1,,,,,,
2026-09-28 20:36:57,7059,青洲坊大廈,2026-09-28 20:36:44,491,414,79,0,15,,,,,,yellow
2026-09-28 20:36:57,7100,東民大廈公共停車場,2026-09-28 20:36:25,361,342,0,0,5,,,,,,
2026-09-28 20:36:57,7091,東亞運大馬路公共停車場,2026-09-28 20:36:25,23,16,,,1,,,,,,
2026-09-28 20:36:57,7083,東創大廈,2026-09-28 20:36:25,118,81,31,31,5,,,,,,
2026-09-28 20:36:57,7084,東啟大廈,2026-09-28 20:36:35,275,242,26,31,4,,,,,,
2026-09-28 20:36:57,7087,東城大廈,2026-09-28 20:36:44,389,422,46,61,6,,,,,,
2026-09-28 20:36:57,7088,航海學校公共停車場,2026-09-28 20:36:42,16,44,10,,2,,,,,,
2026-09-28 20:36:57,7092,新城B區公共停車場,2026-09-28 20:36:38,,,,,,,,,,24小時,
2026-09-28 20:36:57,7096,高美士街公共停車場,2026-09-28 20:36:22,2,37,2,,1,,,,,,
2026-09-28 20:36:57,7099,徐日昇寅公馬路公共停車場,2026-09-28 20:36:20,,48,,,,,,,,,
2026-09-28 20:36:57,6043,松樹尾,2026-09-28 20:36:43,57,152,8,10,3,,,,,,
2026-09-28 20:36:57,7062,栢力,2026-09-28 20:36:35,226,,30,,2,,,,,,
2026-09-28 20:36:57,6010,科學館,2026-09-28 20:36:19,,,,,,,,,,24小時,orange
2026-09-28 20:36:57,6008,栢佳,2026-09-28 20:36:34,121,,8,,2,,,,,,
2026-09-28 20:36:57,7078,協和醫院 - 東入口,2026-09-28 20:36:43,158,,6,,3,,,,,,
2026-09-28 20:36:57,7079,協和醫院 - 北入口,2026-09-28 20:36:43,374,434,,9,5,,,,,,
2026-09-28 20:36:57,7074,旅遊塔,2026-09-28 20:36:40,147,12,,,,,,,,,
2026-09-28 20:36:57,6042,栢景,2026-09-28 20:36:23,17,,2,,2,,,,,,
2026-09-28 20:36:57,6011,栢樂停車場,2026-09-28 20:36:34,352,186,18,14,2,,,,,,yellow
2026-09-28 20:36:57,6012,栢蕙,2026-09-28 20:36:23,69,,8,,3,,,,,,
2026-09-28 20:36:57,6002,栢寧,2026-09-28 20:36:19,119,,8,,2,,,,,,
2026-09-28 20:36:57,6003,栢濤,2026-09-28 20:36:27,137,,11,,2,,,,,,
2026-09-28 20:36:57,6024,栢港,2026-09-28 20:36:22,68,,6,,2,,,,,,
2026-09-28 20:36:57,6023,栢麗,2026-09-28 20:36:34,45,,4,,1,,,,,,
2026-09-28 20:36:57,6027,栢威,2026-09-28 20:36:24,24,10,8,0,3,,,,,,
2026-09-28 20:36:57,6037,黑橋街,2026-09-28 20:36:35,17,26,8,10,,,,,,,
2026-09-28 20:36:57,6006,華士古達嘉馬花園,2026-09-28 20:36:42,33,98,4,9,3,,,,,,
2026-09-28 20:36:57,6014,祐漢公園,2026-09-28 20:36:43,38,93,8,11,4,,,,,,orange
2026-09-28 20:36:57,7052,港珠澳大橋邊檢大樓東公共停車場,2026-09-28 20:36:35,2771,,31,,31,,,,,,
2026-09-28 20:36:57,7053,港珠澳大橋邊檢大樓西停車場,2026-09-28 20:36:19,2779,1961,7,,34,,,,,,
2026-09-28 20:36:57,7075,媽閣交通樞紐停車場,2026-09-28 20:36:41,,,,,,,,,,24小時,
2026-09-28 20:36:57,7061,海灣南街,2026-09-28 20:36:33,7,58,0,14,4,,,,,,yellow
2026-09-28 20:36:57,7094,媽閣交通樞紐重型客車停車場,2026-09-28 20:36:39,,,,,,,,,24,,
2026-09-28 20:36:57,7071,華士古達嘉馬花園- 東區,2026-09-28 20:36:38,7,,,,,,,,,,
2026-09-28 20:36:57,7086,望信樓,2026-09-28 20:36:30,,,,,,,,,,夜間,orange
2026-09-28 20:36:57,7066,望德樓,2026-09-28 20:36:43,342,236,22,8,6,,,,,,orange
2026-09-28 20:36:57,7068,望廈體育中心,2026-09-28 20:36:38,75,82,9,0,4,,,,,,
2026-09-28 20:36:57,6007,望善樓,2026-09-28 20:36:44,17,115,6,18,4,,,,,,
2026-09-28 20:36:57,6025,望賢樓,2026-09-28 20:36:42,26,98,10,4,2,,,,,,
2026-09-28 20:36:57,6029,湖畔大廈,2026-09-28 20:36:35,190,748,20,11,8,,,,,,
2026-09-28 20:36:57,6032,業興大廈,2026-09-28 20:36:40,130,223,34,12,4,,,,,,
2026-09-28 20:36:57,7056,蝴蝶谷,2026-09-28 20:36:21,314,162,37,10,6,,,,,,
2026-09-28 20:36:57,7054,澳門新批發市場,2026-09-28 20:36:20,102,68,9,9,1,,,,,,yellow
2026-09-28 20:36:57,6015,蓮花路,2026-09-28 20:36:44,289,452,40,7,7,,,,,,
2026-09-28 20:36:57,7070,澳門文化中心,2026-09-28 20:36:26,111,31,,2,2,,,,,,orange
2026-09-28 20:36:57,6004,藝園,2026-09-28 20:36:43,151,267,19,12,4,,,,,,orange
2026-09-28 20:36:57,6031,樂群樓,2026-09-28 20:36:35,166,310,30,8,5,,,,,,
2026-09-28 20:36:57,6013,麗都,2026-09-28 20:36:43,16,4,2,4,1,,,,,,orange
2026-09-28 20:36:57,7060,關閘綜合體育場館,2026-09-28 20:36:40,220,295,8,3,10,,,,,,orange
2026-09-28 20:36:57,7069,聯生圓形地,2026-09-28 20:36:22,32,,10,,4,,,,,夜間,orange
