carpark_id,name,total_car,total_motor,total_ev_car,total_ev_motor,total_disabled,total_heavy_lt_7m,total_heavy_lt_8m,total_heavy_gt_7m,total_heavy_gt_8m,address,entrance,phone,height_limit_m,fee_light,fee_heavy,fee_motor,fee_note,fee_type,special_flag,refreshed_at
7085,蓮花路 (重型),,,,,,,159,,86,位於蓮花路之地下的停車場,入口及出口均設於蓮花路,2887 0756,4.50,-,MOP $4(註1) MOP $5(註2),-,註1：長度8米或以下之重型汽車。註2：長度8米以上之重型汽車。,,,2026-09-29 08:04:46
6045,塔石廣場地下上落客區(重型客車),44,,,,,,,,,高偉樂街與沙嘉都喇賈罷麗街之間的塔石廣場地下,入口設於塔石廣場隧道及出口設於沙嘉都喇賈罷麗街,2852 2729,---,-,-,-,-,,,2026-09-29 08:04:46
6033,下環街市,58,64,4,10,2,,,,,位於下環街市停車場內之停車場,定位於貨倉街、李加祿街及下環街的下環街市市政綜合大樓內的停車場 (資料由市政署提供),2842 3303,2.00,(日間)首小時MOP$3，隨後每半小時MOP$5.(夜間)MOP$4,-,首小時MOP$1，隨後每小時MOP$2,（輕型汽車)日間普通票，於日間時段進入停車場之首一小時或不足一小時為澳門幣三元，隨後每半小時或不足半小時為澳門幣五元;夜間普通票，每小時或不足一小時為澳門幣四元。 （重型及輕型摩托車）首一小時或不足一小時為澳門幣一元，隨後每小時或不足一小時為澳門幣兩元。(資料由市政署提供),,yellow,2026-09-29 08:04:46
7095,山茶街公共停車場,,,,,,,,,,位於青洲河邊馬路、山茶街及青洲新馬路交界的一塊戶外用地,重型及輕型貨車的入口設於青洲河邊馬路及山茶街，而出口設於山茶街，重型及輕型摩托車的入口及出口則均設於青洲河邊馬路,--,--,,長度不超過5米的重型及輕型貨車 (日間)每半小時MOP$3 (夜間) 每半小時MOP$1.5 長度超過5米的重型及輕型貨車 (日間)每半小時MOP$5 (夜間) 每半小時MOP$2.5,(日間)每半小時MOP$1 (夜間) 每半小時MOP$0.5,日間：上午八時至下午八時前夜間：下午八時至翌日上午八時前長度不超過5米的重型及輕型貨車：日間普通票，每半小時或不足半小時為澳門幣3元。夜間普通票，每半小時或不足半小時為澳門幣1.5元。長度超過5米的重型及輕型貨車：日間普通票，每半小時或不足半小時為澳門幣5元。夜間普通票，每半小時或不足半小時為澳門幣2.5元。 重型及輕型電單車：日間普通票，每半小時或不足半小時為澳門幣1元。夜間普通票，每半小時或不足半小時為澳門幣0.5元。 重型及輕型貨車在每連續二十四小時內的泊車費用上限為澳門元60元。進入停車場並於十五分鐘內離場，免收相關泊車費用。,24小時,,2026-09-29 08:04:46
6022,永寧街,58,93,4,20,1,,,,,永寧經屋地下,入口及出口均設于永寧街,2842 6013,1.85,MOP$6(日間)MOP$3(夜間),-,MOP$2(日間) MOP$1(夜間),日間：上午八時至下午八時前 夜間：下午八時至翌日上午八時前,,orange,2026-09-29 08:04:46
6026,交通事務局大樓,148,178,10,10,2,,,,,交通事務局大樓1F~4F,入口及出口均設於新雅馬路,2857 2012,2.00,(日間)每半小時MOP$3(夜間) 每半小時MOP$1.5,-,(日間)每半小時MOP$1(夜間) 每半小時MOP$0.5,日間：上午八時至下午八時前 夜間：下午八時至翌日上午八時前輕型汽車：日間普通票，每半小時或不足半小時為澳門幣3元。夜間普通票，每半小時或不足半小時為澳門幣1.5元。重型及輕型電單車：日間普通票，每半小時或不足半小時為澳門幣1元。夜間普通票，每半小時或不足半小時為澳門幣0.5元。,,,2026-09-29 08:04:46
6018,氹仔中央公園,1343,,138,,14,,,,,氹仔中央公園地下,兩個入口及出口設於成都街及哥英布拉街,28835360/28835395,2.00,(日間)每半小時MOP$3(夜間) 每半小時MOP$1.5,-,(日間)每半小時MOP$1(夜間) 每半小時MOP$0.5日間封頂MOP$12 夜間封頂MOP$6,日間：上午八時至下午八時前 夜間：下午八時至翌日上午八時前輕型汽車：日間普通票，每半小時或不足半小時為澳門幣3元。夜間普通票，每半小時或不足半小時為澳門幣1.5元。重型及輕型電單車：日間普通票，每半小時或不足半小時為澳門幣1元。夜間普通票，每半小時或不足半小時為澳門幣0.5元。重型及輕型摩托車在每連續日間普通票及夜間普通票的泊車時間內按上款計算的泊車費用上限分別為澳門元12元及澳門元6元。,日夜間分段,orange,2026-09-29 08:04:46
6041,日昇樓,292,,29,,4,,,,,位於氹仔東北馬路社會房屋日昇樓內的停車場,入口及出口均設於聚龍街,2831 0141,2.00,(日間)每半小時MOP$3(夜間) 每半小時MOP$1.5,-,(日間)每半小時MOP$1(夜間) 每半小時MOP$0.5日間封頂MOP$12 夜間封頂MOP$6,日間：上午八時至下午八時前 夜間：下午八時至翌日上午八時前輕型汽車：日間普通票，每半小時或不足半小時為澳門幣3元。夜間普通票，每半小時或不足半小時為澳門幣1.5元。重型及輕型電單車：日間普通票，每半小時或不足半小時為澳門幣1元。夜間普通票，每半小時或不足半小時為澳門幣0.5元。重型及輕型摩托車在每連續日間普通票及夜間普通票的泊車時間內按上款計算的泊車費用上限分別為澳門元12元及澳門元6元。,日夜間分段,,2026-09-29 08:04:46
7051,日暉大廈,59,,6,,1,,,,,位於氹仔聚龍街日暉大廈內的停車場,入口及出口均設於聚龍街,2870 1029,2.00,(日間)每半小時MOP$3(夜間) 每半小時MOP$1.5,-,(日間)每半小時MOP$1(夜間) 每半小時MOP$0.5日間封頂MOP$12 夜間封頂MOP$6,日間：上午八時至下午八時前 夜間：下午八時至翌日上午八時前輕型汽車：日間普通票，每半小時或不足半小時為澳門幣3元。夜間普通票，每半小時或不足半小時為澳門幣1.5元。重型及輕型電單車：日間普通票，每半小時或不足半小時為澳門幣1元。夜間普通票，每半小時或不足半小時為澳門幣0.5元。重型及輕型摩托車在每連續日間普通票及夜間普通票的泊車時間內按上款計算的泊車費用上限分別為澳門元12元及澳門元6元。,日夜間分段,,2026-09-29 08:04:46
7067,台暉樓,105,119,5,20,2,,,,,位於台山中街、花地瑪教會街、青洲大馬路/青洲新路及蘇沙醫生街之間的台暉樓內的停車場,入口及出口均設於花地瑪教會街,2855 6810,2.00,(日間)每半小時MOP$3(夜間) 每半小時MOP$1.5,-,(日間)每半小時MOP$1(夜間) 每半小時MOP$0.5,日間：上午八時至下午八時前夜間：下午八時至翌日上午八時前輕型汽車：日間普通票，每半小時或不足半小時為澳門幣3元。夜間普通票，每半小時或不足半小時為澳門幣1.5元。重型及輕型電單車：日間普通票，每半小時或不足半小時為澳門幣1元。夜間普通票，每半小時或不足半小時為澳門幣0.5元。,,,2026-09-29 08:04:46
7044,氹仔客運碼頭,740,196,75,15,16,,,,,氹仔客運碼頭前地地下,入口及出口均設於氹仔客運碼頭前的街道,2885 1100,2.00,(日間)每半小時MOP$3(夜間) 每半小時MOP$1.5,-,(日間)每半小時MOP$1(夜間) 每半小時MOP$0.5,日間：上午八時至下午八時前 夜間：下午八時至翌日上午八時前輕型汽車：日間普通票，每半小時或不足半小時為澳門幣3元。夜間普通票，每半小時或不足半小時為澳門幣1.5元。重型及輕型電單車：日間普通票，每半小時或不足半小時為澳門幣1元。夜間普通票，每半小時或不足半小時為澳門幣0.5元。,,orange,2026-09-29 08:04:46
6028,何賢公園,415,542,27,50,4,,,,,何賢公園下面,出口及入口均設於宋玉生廣場,2870 0176,1.95,MOP$6(日間)MOP$3(夜間),-,MOP$2(日間)MOP$1(夜間),日間：上午八時至下午八時前夜間：下午八時至翌日上午八時前,,,2026-09-29 08:04:46
7090,巴波沙大馬路公共停車場,27,42,3,,1,,,,,位於巴波沙大馬路、台山中街、李寶椿街及巴波沙巷之間一塊戶外用地,入口及出口均設於巴波沙巷,--,--,(日間)每半小時MOP$3 (夜間) 每半小時MOP$1.5,-,(日間)每半小時MOP$1 (夜間) 每半小時MOP$0.5,日間：上午八時至下午八時前 夜間：下午八時至翌日上午八時前 輕型汽車：日間普通票，每半小時或不足半小時為澳門幣3元。夜間普通票，每半小時或不足半小時為澳門幣1.5元。 重型及輕型電單車：日間普通票，每半小時或不足半小時為澳門幣1元。夜間普通票，每半小時或不足半小時為澳門幣0.5元。進入停車場並於十五分鐘內離場，免收相關泊車費用。,,,2026-09-29 08:04:46
7097,田畔街公共停車場,40,46,2,,1,,,,,澳門半島田畔街的一塊戶外用地,入口及出口均設於澳門半島田畔街,--,--,(日間)每半小時MOP$4 (夜間) 每半小時MOP$2,-,(日間)每半小時MOP$1 (夜間) 每半小時MOP$0.5,日間：上午八時至下午八時前 夜間：下午八時至翌日上午八時前 輕型汽車：日間普通票，每半小時或不足半小時為澳門幣4元。夜間普通票，每半小時或不足半小時為澳門幣2元。 重型及輕型電單車：日間普通票，每半小時或不足半小時為澳門幣1元。夜間普通票，每半小時或不足半小時為澳門幣0.5元。進入停車場並於十五分鐘內離場，免收相關泊車費用。,,,2026-09-29 08:04:46
7093,沙維斯街公共停車場,85,65,4,,2,,,,,沙維斯街、汕頭街及布拉格街交界的一塊戶外用地,入口及出口均設於沙維斯街,--,--,(日間)每半小時MOP$3 (夜間) 每半小時MOP$1.5,,(日間)每半小時MOP$1 (夜間) 每半小時MOP$0.5,日間：上午八時至下午八時前 夜間：下午八時至翌日上午八時前 輕型汽車：日間普通票，每半小時或不足半小時為澳門幣3元。夜間普通票，每半小時或不足半小時為澳門幣1.5元。 重型及輕型電單車：日間普通票，每半小時或不足半小時為澳門幣1元。夜間普通票，每半小時或不足半小時為澳門幣0.5元。進入停車場並於十五分鐘內離場，免收相關泊車費用。,,,2026-09-29 08:04:46
7082,長者公寓,345,134,20,15,4,,,,,位於政府長者公寓內,入口及出口均設於政府長者公寓東北側的道路,2821 2030,2.00,(日間)每半小時MOP$3(夜間) 每半小時MOP$1.5,-,(日間)每半小時MOP$1(夜間) 每半小時MOP$0.5,日間：上午八時至下午八時前夜間：下午八時至翌日上午八時前輕型汽車：日間普通票，每半小時或不足半小時為澳門幣3元。夜間普通票，每半小時或不足半小時為澳門幣1.5元。重型及輕型電單車：日間普通票，每半小時或不足半小時為澳門幣1元。夜間普通票，每半小時或不足半小時為澳門幣0.5元。,,orange,2026-09-29 08:04:46
6005,宋玉生廣場,716,,30,,7,,,,,宋玉生公園下面,出口及入口均設於宋玉生廣場,2875 7924,1.90,MOP$6(日間)MOP$3(夜間),-,-,日間：上午八時至下午八時前夜間：下午八時至翌日上午八時前,,orange,2026-09-29 08:04:46
6030,居雅大廈,307,366,15,15,3,,,,,路環石排灣居雅大廈南面,路環石排灣居雅大廈南面,2886 5004,2.00,(日間)每半小時MOP$3(夜間) 每半小時MOP$1.5,-,(日間)每半小時MOP$1(夜間) 每半小時MOP$0.5,日間：上午八時至下午八時前 夜間：下午八時至翌日上午八時前輕型汽車：日間普通票，每半小時或不足半小時為澳門幣3元。夜間普通票，每半小時或不足半小時為澳門幣1.5元。重型及輕型電單車：日間普通票，每半小時或不足半小時為澳門幣1元。夜間普通票，每半小時或不足半小時為澳門幣0.5元。,,,2026-09-29 08:04:46
7072,快富樓A入口,152,,22,,3,,,,,筷子基社會房屋快富樓內,入口及出口均設於俾若翰街,2822 7145,2.00,(日間)每半小時MOP$3(夜間) 每半小時MOP$1.5,-,(日間)每半小時MOP$1(夜間) 每半小時MOP$0.5,日間：上午八時至下午八時前夜間：下午八時至翌日上午八時前輕型汽車：日間普通票，每半小時或不足半小時為澳門幣3元。夜間普通票，每半小時或不足半小時為澳門幣1.5元。重型及輕型電單車：日間普通票，每半小時或不足半小時為澳門幣1元。夜間普通票，每半小時或不足半小時為澳門幣0.5元。,,,2026-09-29 08:04:46
7073,快富樓B入口,44,189,,10,,,,,,筷子基社會房屋快富樓內,入口及出口均設於筷子基巷,2822 7145,2.00,(日間)每半小時MOP$3(夜間) 每半小時MOP$1.5,-,(日間)每半小時MOP$1(夜間) 每半小時MOP$0.5,日間：上午八時至下午八時前夜間：下午八時至翌日上午八時前輕型汽車：日間普通票，每半小時或不足半小時為澳門幣3元。夜間普通票，每半小時或不足半小時為澳門幣1.5元。重型及輕型電單車：日間普通票，每半小時或不足半小時為澳門幣1元。夜間普通票，每半小時或不足半小時為澳門幣0.5元。,,,2026-09-29 08:04:46
7063,李加祿街,46,56,4,20,1,,,,,位於李加祿街、木瓜圍及貨倉街之間的大廈內的停車場,入口及出口均設於木瓜圍,2883 0613,2.00,(日間)每半小時MOP$3(夜間) 每半小時MOP$1.5,-,(日間)每半小時MOP$1(夜間) 每半小時MOP$0.5,日間：上午八時至下午八時前夜間：下午八時至翌日上午八時前輕型汽車：日間普通票，每半小時或不足半小時為澳門幣3元。夜間普通票，每半小時或不足半小時為澳門幣1.5元。重型及輕型電單車：日間普通票，每半小時或不足半小時為澳門幣1元。夜間普通票，每半小時或不足半小時為澳門幣0.5元。,,yellow,2026-09-29 08:04:46
7050,和諧廣場,209,146,21,15,7,,,,,路環石排灣蝴蝶谷大馬路及業興大馬路交界、業興大廈（第X座）對面的建築物內之停車場,入口及出口均設於蝴蝶谷大馬路及業興大馬路交界,2843 7843,2.00,(日間)每半小時MOP$3(夜間) 每半小時MOP$1.5,-,(日間)每半小時MOP$1(夜間) 每半小時MOP$0.5,日間：上午八時至下午八時前 夜間：下午八時至翌日上午八時前輕型汽車：日間普通票，每半小時或不足半小時為澳門幣3元。夜間普通票，每半小時或不足半小時為澳門幣1.5元。重型及輕型電單車：日間普通票，每半小時或不足半小時為澳門幣1元。夜間普通票，每半小時或不足半小時為澳門幣0.5元。,,,2026-09-29 08:04:46
7055,沙梨頭街市市政綜合大樓,118,215,12,10,1,,,,,沙梨頭街市市政綜合大樓第三層至第七層,入口及出口均設於爹美刁施拿地大馬路(資料由市政署提供),2872 5171,1.95,(日間)首小時MOP$3，隨後每半小時MOP$5。(夜間)MOP$4,-,首小時MOP$1，隨後每小時MOP$2,日間：上午八時至下午八時前夜間：下午八時至翌日上午八時前輕型汽車：日間普通票，於日間時段進入停車場之首一小時或不足一小時為澳門幣三元，在首小時隨後的每半小時或不足半小時為澳門幣五元。夜間普通票，每小時或不足一小時為澳門幣四元。重型及輕型電單車：首一小時或不足一小時為澳門幣一元，在首小時隨後的每小時或不足一小時為澳門幣兩元。(資料由市政署提供),,,2026-09-29 08:04:46
7057,快盈大廈,121,107,8,15,2,,,,,位於俾若翰街快盈大廈內之停車場,入口及出口均設於筷子基街,2830 8390,2.00,(日間)每半小時MOP$3(夜間) 每半小時MOP$1.5,-,(日間)每半小時MOP$1(夜間) 每半小時MOP$0.5,日間：上午八時至下午八時前夜間：下午八時至翌日上午八時前輕型汽車：日間普通票，每半小時或不足半小時為澳門幣3元。夜間普通票，每半小時或不足半小時為澳門幣1.5元。重型及輕型電單車：日間普通票，每半小時或不足半小時為澳門幣1元。夜間普通票，每半小時或不足半小時為澳門幣0.5元。,,,2026-09-29 08:04:46
6038,快達樓,259,228,16,15,4,,,,,位於筷子基社會房屋快達樓內的停車場,入口及出口均設於俾若翰街,2822 6617,1.95,(日間)每半小時MOP$3(夜間) 每半小時MOP$1.5,-,(日間)每半小時MOP$1(夜間) 每半小時MOP$0.5,日間：上午八時至下午八時前夜間：下午八時至翌日上午八時前輕型汽車：日間普通票，每半小時或不足半小時為澳門幣3元。夜間普通票，每半小時或不足半小時為澳門幣1.5元。重型及輕型電單車：日間普通票，每半小時或不足半小時為澳門幣1元。夜間普通票，每半小時或不足半小時為澳門幣0.5元。,,yellow,2026-09-29 08:04:46
6009,亞馬喇前地,,,,,,,,,,亞馬喇前地下面,入口及出口均設於亞馬喇前地之地下行車迴旋處,"2871 8859, 2871 8667",2.20,(日間)每半小時MOP$3 (夜間) 每半小時MOP$1.5 夜間封頂MOP$24,-,(日間)每半小時MOP$1 (夜間) 每半小時MOP$0.5 夜間封頂MOP$6,日間：上午八時至下午八時前 夜間：下午八時至翌日上午八時前 輕型汽車：日間普通票，每半小時或不足半小時為澳門幣3元。夜間普通票，每半小時或不足半小時為澳門幣1.5元。 重型及輕型電單車：日間普通票，每半小時或不足半小時為澳門幣1元。夜間普通票，每半小時或不足半小時為澳門幣0.5元。 輕型汽車在每連續夜間普通票的泊車時間內按上款計算的泊車費用上限為澳門元24元。 重型及輕型摩托車在每連續夜間普通票的泊車時間內按上款計算的泊車費用上限為澳門元6元。,夜間,orange,2026-09-29 08:04:46
6020,河邊新街,155,106,7,15,2,,,,,河邊新街、貨倉巷、比厘喇馬忌士街及鹽巷之間的大廈內,入口及出口均設於貨倉巷,2893 7593,2.00,(日間)每半小時MOP$3(夜間) 每半小時MOP$1.5,-,(日間)每半小時MOP$1(夜間) 每半小時MOP$0.5,日間：上午八時至下午八時前夜間：下午八時至翌日上午八時前輕型汽車：日間普通票，每半小時或不足半小時為澳門幣3元。夜間普通票，每半小時或不足半小時為澳門幣1.5元。重型及輕型電單車：日間普通票，每半小時或不足半小時為澳門幣1元。夜間普通票，每半小時或不足半小時為澳門幣0.5元。,,,2026-09-29 08:04:46
6034,馬六甲街,215,563,16,8,4,,,,,馬六甲街旁介乎羅理基博士大馬路與高美士街之間,入口及出口均設於馬六甲街,2872 7637,1.95,MOP$6(日間)MOP$3(夜間),-,MOP$2(日間)MOP$1(夜間),日間：上午八時至下午八時前夜間：下午八時至翌日上午八時前,,orange,2026-09-29 08:04:46
7065,污水處理站,276,,14,,,250,,202,,黑沙環新填海區之污水處理站旁,出口及入口均設於勞動節大馬路,2876 3564,---,MOP$6(日間)MOP$3(夜間),MOP$8(日間)MOP$4(夜間)(註1) MOP$10(日間)MOP$5(夜間)(註2),-,日間：上午八時至下午八時前夜間：下午八時至翌日上午八時前註1：小型公共汽車及長度不超過7 米和總重量不超過7 公噸的重型車輛。 註2：公共汽車及其他重型車輛。,,,2026-09-29 08:04:46
7076,氹仔柯維納馬路停車場,105,,,,2,,,,,位於氹仔柯維納馬路交通樞紐地下,設於靠近名門世家一側的柯維納馬路,--,4.00,(日間)每半小時MOP$3(夜間) 每半小時MOP$1.5,-,-,日間：上午八時至下午八時前 夜間：下午八時至翌日上午八時前 當車輛連續泊車超過停車場規定之泊車時間上限，其後（即由連續停泊第九日起）每半小時或不足半小時收取雙倍的泊車費用,,,2026-09-29 08:04:46
7077,柯維納馬路戶外,71,50,,,2,,,,5,位於柯維納馬路並介乎於廣東大馬路與沙維斯街的地面中央分隔帶,入口及出口均設於柯維納馬路,28580163,--,(日間)每半小時MOP$4(夜間) 每半小時MOP$2,(日間)每半小時MOP$5(夜間) 每半小時MOP$2.5,(日間)每半小時MOP$1(夜間) 每半小時MOP$0.5,日間：上午八時至下午八時前 夜間：下午八時至翌日上午八時前進入停車場並於十五分鐘內離場，免收相關泊車費用。,,,2026-09-29 08:04:46
6019,青翠樓,304,518,30,15,5,,,,,青洲新馬路青洲社屋,入口及出口均設於青洲新馬路,2827 1096,2.00,(日間)每半小時MOP$3(夜間) 每半小時MOP$1.5,-,(日間)每半小時MOP$1(夜間) 每半小時MOP$0.5,日間：上午八時至下午八時前夜間：下午八時至翌日上午八時前輕型汽車：日間普通票，每半小時或不足半小時為澳門幣3元。夜間普通票，每半小時或不足半小時為澳門幣1.5元。重型及輕型電單車：日間普通票，每半小時或不足半小時為澳門幣1元。夜間普通票，每半小時或不足半小時為澳門幣0.5元。,,,2026-09-29 08:04:46
7081,專科大樓,55,75,4,5,2,,,,,位於加思欄後新馬路與若憲馬路之間的公共衛生專科大樓內,入口及出口均設於若憲馬路,--,1.95,(日間)每半小時MOP$4 (夜間) 每半小時MOP$2,,(日間)每半小時MOP$1 (夜間) 每半小時MOP$0.5,日間：上午八時至下午八時前 夜間：下午八時至翌日上午八時前,,,2026-09-29 08:04:46
7089,路環打纜街公共停車場,70,46,8,,2,,,,,位於竹灣馬路及打纜街交界的一塊戶外用地,入口及出口均設於打纜街,--,--,(日間)每半小時MOP$3(夜間) 每半小時MOP$1.5,-,(日間)每半小時MOP$1(夜間) 每半小時MOP$0.5,日間：上午八時至下午八時前 夜間：下午八時至翌日上午八時前 輕型汽車：日間普通票，每半小時或不足半小時為澳門幣3元。夜間普通票，每半小時或不足半小時為澳門幣1.5元。 重型及輕型電單車：日間普通票，每半小時或不足半小時為澳門幣1元。夜間普通票，每半小時或不足半小時為澳門幣0.5元。進入停車場並於十五分鐘內離場，免收相關泊車費用。,,,2026-09-29 08:04:46
7098,南灣大馬路公共停車場,,90,,,,,,,,南灣大馬路旁之區域,入口及出口均設於南灣大馬路,--,--,,,(日間)每半小時MOP$1 (夜間) 每半小時MOP$0.5,日間：上午八時至下午八時前 夜間：下午八時至翌日上午八時前 重型及輕型電單車：日間普通票，每半小時或不足半小時為澳門幣1元。夜間普通票，每半小時或不足半小時為澳門幣0.5元。 進入停車場並於十五分鐘內離場，免收相關泊車費用。,,,2026-09-29 08:04:46
6001,南灣(栢湖),644,196,8,10,2,,,,,區華利前地,入口設於南灣湖景大馬路及出口設於南灣大馬路,2871 5428,1.85,MOP$6(日間)MOP$3(夜間),-,MOP$2(日間)MOP$1(夜間),日間：上午八時至下午八時前夜間：下午八時至翌日上午八時前,,,2026-09-29 08:04:46
6035,青葱大廈,244,386,14,25,3,,,,,位於青洲坊青葱大廈內,出口及入口均設於鴨涌馬路,2843 2910,1.95,(日間)每半小時MOP$3(夜間) 每半小時MOP$1.5,-,(日間)每半小時MOP$1(夜間) 每半小時MOP$0.5,日間：上午八時至下午八時前夜間：下午八時至翌日上午八時前輕型汽車：日間普通票，每半小時或不足半小時為澳門幣3元。夜間普通票，每半小時或不足半小時為澳門幣1.5元。重型及輕型電單車：日間普通票，每半小時或不足半小時為澳門幣1元。夜間普通票，每半小時或不足半小時為澳門幣0.5元。,,,2026-09-29 08:04:46
6039,青泉樓,54,38,5,6,1,,,,,位於青洲社會房屋青泉樓內的停車場,入口及出口均設於青洲新馬路,2827 0120,2.00,(日間)每半小時MOP$3(夜間) 每半小時MOP$1.5,-,(日間)每半小時MOP$1(夜間) 每半小時MOP$0.5,日間：上午八時至下午八時前夜間：下午八時至翌日上午八時前輕型汽車：日間普通票，每半小時或不足半小時為澳門幣3元。夜間普通票，每半小時或不足半小時為澳門幣1.5元。重型及輕型電單車：日間普通票，每半小時或不足半小時為澳門幣1元。夜間普通票，每半小時或不足半小時為澳門幣0.5元。,,,2026-09-29 08:04:46
6040,青怡大廈,283,286,18,20,4,,,,,位於青怡大廈內之停車場,入口及出口均設於青洲大馬路,2823 3607,2.00,(日間)每半小時MOP$3(夜間) 每半小時MOP$1.5,-,(日間)每半小時MOP$1(夜間) 每半小時MOP$0.5,日間：上午八時至下午八時前夜間：下午八時至翌日上午八時前輕型汽車：日間普通票，每半小時或不足半小時為澳門幣3元。夜間普通票，每半小時或不足半小時為澳門幣1.5元。重型及輕型電單車：日間普通票，每半小時或不足半小時為澳門幣1元。夜間普通票，每半小時或不足半小時為澳門幣0.5元。,,yellow,2026-09-29 08:04:46
7064,青茂口岸,158,207,11,31,5,,,,,位於鴨涌馬路及何賢紳士大馬路之間的青茂口岸澳門邊檢大樓內的停車場,入口及出口均設於鴨涌馬路,2893 9223,2.00,(日間)每半小時MOP$5 (夜間) 每半小時MOP$4,-,(日間)每半小時MOP$2 (夜間) 每半小時MOP$1.5,日間：上午八時至下午八時前 夜間：下午八時至翌日上午八時前,,yellow,2026-09-29 08:04:46
7058,青濤大廈,80,83,8,10,1,,,,,位於青洲大馬路青濤大廈內的停車場,入口及出口均設於沙梨頭北街旁的街道,28350126,2.00,(日間)每半小時MOP$3(夜間) 每半小時MOP$1.5,-,(日間)每半小時MOP$1(夜間) 每半小時MOP$0.5,日間：上午八時至下午八時前夜間：下午八時至翌日上午八時前輕型汽車：日間普通票，每半小時或不足半小時為澳門幣3元。夜間普通票，每半小時或不足半小時為澳門幣1.5元。重型及輕型電單車：日間普通票，每半小時或不足半小時為澳門幣1元。夜間普通票，每半小時或不足半小時為澳門幣0.5元。,,,2026-09-29 08:04:46
7059,青洲坊大廈,1427,1628,144,30,15,,,,,位於青洲坊大廈內,分別設於李寶椿街及何賢紳士大馬路,28425048,2.00,(日間)每半小時MOP$3(夜間) 每半小時MOP$1.5,-,(日間)每半小時MOP$1(夜間) 每半小時MOP$0.5,日間：上午八時至下午八時前夜間：下午八時至翌日上午八時前輕型汽車：日間普通票，每半小時或不足半小時為澳門幣3元。夜間普通票，每半小時或不足半小時為澳門幣1.5元。重型及輕型電單車：日間普通票，每半小時或不足半小時為澳門幣1元。夜間普通票，每半小時或不足半小時為澳門幣0.5元。,,yellow,2026-09-29 08:04:46
7100,東民大廈公共停車場,366,342,38,34,5,,,,,位於東民大廈內並由地庫一層及地庫二層構成,入口及出口均設於東城第二街,--,2.00,(日間)每半小時MOP$3 (夜間) 每半小時MOP$1.5,,(日間)每半小時MOP$1 (夜間) 每半小時MOP$0.5,日間：上午八時至下午八時前 夜間：下午八時至翌日上午八時前 輕型汽車：日間普通票，每半小時或不足半小時為澳門幣3元。夜間普通票，每半小時或不足半小時為澳門幣1.5元。 重型及輕型電單車：日間普通票，每半小時或不足半小時為澳門幣1元。夜間普通票，每半小時或不足半小時為澳門幣0.5元。,,,2026-09-29 08:04:46
7091,東亞運大馬路公共停車場,45,20,,,1,,,,,位於東亞運大馬路,入口及出口均設於東亞運大馬路,--,--,(日間)每半小時MOP$3 (夜間) 每半小時MOP$1.5,-,(日間)每半小時MOP$1 (夜間) 每半小時MOP$0.5,日間：上午八時至下午八時前 夜間：下午八時至翌日上午八時前 輕型汽車：日間普通票，每半小時或不足半小時為澳門幣3元。夜間普通票，每半小時或不足半小時為澳門幣1.5元。 重型及輕型電單車：日間普通票，每半小時或不足半小時為澳門幣1元。夜間普通票，每半小時或不足半小時為澳門幣0.5元。進入停車場並於十五分鐘內離場，免收相關泊車費用。,,,2026-09-29 08:04:46
7083,東創大廈,290,305,31,31,5,,,,,位於東創大廈內,入口及出口均設於鏡海大馬路,2852 4002,2.00,(日間)每半小時MOP$3(夜間) 每半小時MOP$1.5,-,(日間)每半小時MOP$1(夜間) 每半小時MOP$0.5,日間：上午八時至下午八時前 夜間：下午八時至翌日上午八時前輕型汽車：日間普通票，每半小時或不足半小時為澳門幣3元。夜間普通票，每半小時或不足半小時為澳門幣1.5元。重型及輕型電單車：日間普通票，每半小時或不足半小時為澳門幣1元。夜間普通票，每半小時或不足半小時為澳門幣0.5元。,,,2026-09-29 08:04:46
7084,東啟大廈,320,296,28,30,4,,,,,位於東啟大廈內,入口及出口均設於鏡海大馬路,2852 8902,2.00,(日間)每半小時MOP$3(夜間) 每半小時MOP$1.5,-,(日間)每半小時MOP$1(夜間) 每半小時MOP$0.5,日間：上午八時至下午八時前 夜間：下午八時至翌日上午八時前輕型汽車：日間普通票，每半小時或不足半小時為澳門幣3元。夜間普通票，每半小時或不足半小時為澳門幣1.5元。重型及輕型電單車：日間普通票，每半小時或不足半小時為澳門幣1元。夜間普通票，每半小時或不足半小時為澳門幣0.5元。,,,2026-09-29 08:04:46
7087,東城大廈,499,558,50,61,6,,,,,位於東城大廈內,入口及出口均設於馬萬祺博士大馬路,2852 3810,2.00,(日間)每半小時MOP$3(夜間) 每半小時MOP$1.5,-,(日間)每半小時MOP$1(夜間) 每半小時MOP$0.5,日間：上午八時至下午八時前 夜間：下午八時至翌日上午八時前輕型汽車：日間普通票，每半小時或不足半小時為澳門幣3元。夜間普通票，每半小時或不足半小時為澳門幣1.5元。重型及輕型電單車：日間普通票，每半小時或不足半小時為澳門幣1元。夜間普通票，每半小時或不足半小時為澳門幣0.5元。,,,2026-09-29 08:04:46
7088,航海學校公共停車場,97,52,10,,2,,,,,位於西灣湖景大馬路、河邊新街及航海學校街交界,入口及出口均設於河邊新街,--,--,(日間)每半小時MOP$3(夜間) 每半小時MOP$1.5,-,(日間)每半小時MOP$1(夜間) 每半小時MOP$0.5,日間：上午八時至下午八時前 夜間：下午八時至翌日上午八時前輕型汽車：日間普通票，每半小時或不足半小時為澳門幣3元。夜間普通票，每半小時或不足半小時為澳門幣1.5元。重型及輕型電單車：日間普通票，每半小時或不足半小時為澳門幣1元。夜間普通票，每半小時或不足半小時為澳門幣0.5元。進入停車場並於十五分鐘內離場，免收相關泊車費用。,,,2026-09-29 08:04:46
7092,新城B區公共停車場,,,,,,,,,,位於新城B區的一塊戶外用地,入口及出口均設於孫逸仙大馬路,--,--,-,(日間)每半小時MOP$5 (夜間) 每半小時MOP$2.5,(日間)每半小時MOP$1 (夜間) 每半小時MOP$0.5,日間：上午八時至下午八時前夜間：下午八時至翌日上午八時前重型客車：日間普通票，每半小時或不足半小時為澳門幣5元。夜間普通票，每半小時或不足半小時為澳門幣2.5元。重型及輕型電單車：日間普通票，每半小時或不足半小時為澳門幣1元。夜間普通票，每半小時或不足半小時為澳門幣0.5元。重型客車在每連續二十四小時內的泊車費用上限為澳門元60元。重型及輕型摩托車在每連續二十四小時內的泊車費用上限為澳門元10元。進入停車場並於十五分鐘內離場，免收相關泊車費用。,24小時,,2026-09-29 08:04:46
7096,高美士街公共停車場,42,103,4,,1,,,,,高美士街及廈門街交界的一塊戶外用地,入口及出口均設於高美士街,--,--,(日間)每半小時MOP$3 (夜間) 每半小時MOP$1.5,-,(日間)每半小時MOP$1 (夜間) 每半小時MOP$0.5,日間：上午八時至下午八時前 夜間：下午八時至翌日上午八時前 輕型汽車：日間普通票，每半小時或不足半小時為澳門幣3元。夜間普通票，每半小時或不足半小時為澳門幣1.5元。 重型及輕型電單車：日間普通票，每半小時或不足半小時為澳門幣1元。夜間普通票，每半小時或不足半小時為澳門幣0.5元。進入停車場並於十五分鐘內離場，免收相關泊車費用。,,,2026-09-29 08:04:46
7099,徐日昇寅公馬路公共停車場,,48,,,,,,,,徐日昇寅公馬路、氹仔東北馬路及北安碼頭馬路交界旁之區域,入口及出口均設於北安碼頭馬路,--,--,,,(日間)每半小時MOP$1 (夜間) 每半小時MOP$0.5,日間：上午八時至下午八時前 夜間：下午八時至翌日上午八時前 重型及輕型電單車：日間普通票，每半小時或不足半小時為澳門幣1元。夜間普通票，每半小時或不足半小時為澳門幣0.5元。 進入停車場並於十五分鐘內離場，免收相關泊車費用。,,,2026-09-29 08:04:46
6043,松樹尾,197,197,13,15,3,,,,,位於氹仔消防局前地及律政司街旁的停車場,入口及出口均設於消防局前地旁的街道,2825 0144,2.00,(日間)每半小時MOP$3(夜間) 每半小時MOP$1.5,-,(日間)每半小時MOP$1(夜間) 每半小時MOP$0.5,日間：上午八時至下午八時前 夜間：下午八時至翌日上午八時前輕型汽車：日間普通票，每半小時或不足半小時為澳門幣3元。夜間普通票，每半小時或不足半小時為澳門幣1.5元。重型及輕型電單車：日間普通票，每半小時或不足半小時為澳門幣1元。夜間普通票，每半小時或不足半小時為澳門幣0.5元。,,,2026-09-29 08:04:46
7062,栢力,417,,32,,2,,,,,海港街,入口及出口均設於海港街,2872 7004,1.85,MOP$6(日間)MOP$3(夜間),-,-,日間：上午八時至下午八時前夜間：下午八時至翌日上午八時前,,,2026-09-29 08:04:46
6010,科學館,,,,,,,,,,澳門科學館下面,入口及出口均設於科學館與孫逸仙大馬路之間,28575030,1.95,(日間)每半小時MOP$3 (夜間) 每半小時MOP$1.5 24小時封頂MOP$75,-,(日間)每半小時MOP$1 (夜間) 每半小時MOP$0.5 24小時封頂MOP$10,日間：上午八時至下午八時前夜間：下午八時至翌日上午八時前 輕型汽車：日間普通票，每半小時或不足半小時為澳門幣3元。夜間普通票，每半小時或不足半小時為澳門幣1.5元。 重型及輕型電單車：日間普通票，每半小時或不足半小時為澳門幣1元。夜間普通票，每半小時或不足半小時為澳門幣0.5元。 輕型汽車在每連續二十四小時內按上款計算的泊車費用上限為澳門元75元。 重型及輕型摩托車在每連續二十四小時內按上款計算的泊車費用上限為澳門元10元。,24小時,orange,2026-09-29 08:04:46
6008,栢佳,208,,9,,2,,,,,友誼廣場下面,入口及出口均設於蘇亞利斯大馬路之斜坡,2871 1672,1.95,MOP$6(日間)MOP$3(夜間),-,-,日間：上午八時至下午八時前夜間：下午八時至翌日上午八時前,,,2026-09-29 08:04:46
7078,協和醫院 - 東入口,183,,6,,3,,,,,位於離島醫療綜合體北京協和醫院澳門醫學中心的綜合服務行政大樓內,入口和出口設於連接離島醫院大馬路的內部道路,--,2.00,(日間)每半小時MOP$4 (夜間) 每半小時MOP$2,-,(日間)每半小時MOP$1 (夜間) 每半小時MOP$0.5,日間：上午八時至下午八時前 夜間：下午八時至翌日上午八時前,,,2026-09-29 08:04:46
7079,協和醫院 - 北入口,407,480,,10,5,,,,,位於離島醫療綜合體北京協和醫院澳門醫學中心的綜合服務行政大樓內,入口和出口設於連接離島醫院大馬路的內部道路,--,2.00,(日間)每半小時MOP$4 (夜間) 每半小時MOP$2,-,(日間)每半小時MOP$1 (夜間) 每半小時MOP$0.5,日間：上午八時至下午八時前 夜間：下午八時至翌日上午八時前,,,2026-09-29 08:04:46
7074,旅遊塔,261,149,,,,,,,,澳門觀光塔前地56號,出口及入口均設於觀光塔前地56號,2893 3339,2.20,MOP$30,-,MOP$5,-,,,2026-09-29 08:04:46
6042,栢景,161,,4,,2,,,,,得勝花園旁,入口位於士多鳥拜斯大馬路及出口位於得勝馬路,2852 3721,1.85,MOP$6(日間)MOP$3(夜間),-,-,日間：上午八時至下午八時前夜間：下午八時至翌日上午八時前,,,2026-09-29 08:04:46
6011,栢樂停車場,456,300,22,15,2,,,,,外港客運碼頭對面,入口及出口分別設於通往外港客運碼頭道路之東、西兩側,2872 8953,1.85,MOP$6(日間)MOP$3(夜間),-,MOP$2(日間)MOP$1(夜間),日間：上午八時至下午八時前夜間：下午八時至翌日上午八時前,,yellow,2026-09-29 08:04:46
6012,栢蕙,1019,,14,,3,,,,,荷蘭園正街栢蕙花園,入口設於柯維納總督街及出口設於美副將大馬路,2857 0899,1.97,MOP$6(日間)MOP$3(夜間),-,-,日間：上午八時至下午八時前夜間：下午八時至翌日上午八時前,,,2026-09-29 08:04:46
6002,栢寧,507,,17,,2,,,,,新馬路市政署後面,普通票入口設於江沙路里(龍嵩正街)、月票入口設於議事亭里(亞美打利庇盧大馬路)、出口設於東方斜巷,2830 3010,1.95,MOP$6(日間)MOP$3(夜間),-,-,日間：上午八時至下午八時前夜間：下午八時至翌日上午八時前,,,2026-09-29 08:04:46
6003,栢濤,211,,11,,2,,,,,佛山街,出口及入口均設於佛山街,2878 5723,1.95,MOP$6(日間)MOP$3(夜間),-,-,日間：上午八時至下午八時前夜間：下午八時至翌日上午八時前,,,2026-09-29 08:04:46
6024,栢港,287,,9,,2,,,,,位於內港介乎於爹美刁施拿地大馬路及巴素打爾古街之間,出口及入口均設於爹美刁施拿地大馬路,2895 3196,1.95,MOP$6(日間)MOP$3(夜間),MOP$8(日間)MOP$4(夜間),-,日間：上午八時至下午八時前夜間：下午八時至翌日上午八時前,,,2026-09-29 08:04:46
6023,栢麗,355,,11,,2,,,,,關閘栢麗大廈,出口及入口均設於馬場大馬路,2843 9902,2.10,MOP$6(日間)MOP$3(夜間),-,-,日間：上午八時至下午八時前夜間：下午八時至翌日上午八時前,,,2026-09-29 08:04:46
6027,栢威,515,120,15,10,3,,,,,鏡湖馬路栢威大廈,入口設於俾利喇街及出口設於賈伯樂提督街,2853 0413,1.85,MOP$6(日間)MOP$3(夜間),-,MOP$2(日間) MOP$1(夜間),日間：上午八時至下午八時前夜間：下午八時至翌日上午八時前,,,2026-09-29 08:04:46
6037,黑橋街,95,80,10,15,,,,,,位於黑橋街氹仔平民新村第十座及第十一座內之停車場,入口及出口均設於黑橋街,2882 7754,1.95,(日間)每半小時MOP$3(夜間) 每半小時MOP$1.5,-,(日間)每半小時MOP$1(夜間) 每半小時MOP$0.5,日間：上午八時至下午八時前 夜間：下午八時至翌日上午八時前輕型汽車：日間普通票，每半小時或不足半小時為澳門幣3元。夜間普通票，每半小時或不足半小時為澳門幣1.5元。重型及輕型電單車：日間普通票，每半小時或不足半小時為澳門幣1元。夜間普通票，每半小時或不足半小時為澳門幣0.5元。,,,2026-09-29 08:04:46
6006,華士古達嘉馬花園,174,218,10,20,3,,,,,位於高偉樂街、東望洋街及東望洋斜巷之間的建築物內的停車場,入口及出口均設於東望洋街,2852 3411,2.00,MOP$6(日間)MOP$3(夜間),-,MOP$2(日間)MOP$1(夜間),日間：上午八時至下午八時前夜間：下午八時至翌日上午八時前,,,2026-09-29 08:04:46
6014,祐漢公園,406,404,18,20,6,,,,,祐漢公園下面,入口及出口均設於市場街,2841 2728,1.95,MOP$6(日間)MOP$3(夜間),-,MOP$2(日間)MOP$1(夜間),日間：上午八時至下午八時前夜間：下午八時至翌日上午八時前,,orange,2026-09-29 08:04:46
7052,港珠澳大橋邊檢大樓東公共停車場,3000,,52,,40,,,,,位於港珠澳大橋澳門邊檢大樓東側的停車場,東停車場地庫及地面層的出入口均設於港珠澳大橋澳門邊檢大樓東側的街道,2842 0711,2.00,MOP $10每連續12-24小時MOP$120,-,-,,,,2026-09-29 08:04:46
7053,港珠澳大橋邊檢大樓西停車場,3089,2054,12,,36,,,,,位於港珠澳大橋澳門邊檢大樓西側的停車場,西停車場地庫及地面層的出入口均設於港珠澳大橋澳門邊檢大樓西側的街道,2838 3143,2.00,MOP$6(日間)MOP$3(夜間),-,MOP$2(日間) MOP$1(夜間),日間：上午八時至下午八時前 夜間：下午八時至翌日上午八時前,,,2026-09-29 08:04:46
7075,媽閣交通樞紐停車場,,,,,,,,,,位於澳門西灣湖景大馬路鄰近媽閣輕軌站的媽閣交通樞紐地庫三層,設於西灣湖景大馬路鄰近媽閣交通樞紐巴士總站路段,63325476,2.10,(日間)每半小時MOP$3(夜間) 每半小時MOP$1.5,-,(日間)每半小時MOP$1(夜間) 每半小時MOP$0.5,輕型汽車︰日間普通票，每半小時或不足半小時為澳門幣3元。 夜間普通票，每半小時或不足半小時為澳門幣1.5元。 於2026年4月1日至12月31日實行優惠︰ 每24小時封頂收費MOP60，此收費優惠模式可連續使用八日 重型及輕型電單車︰日間普通票，每半小時或不足半小時為澳門幣1元。 夜間普通票，每半小時或不足半小時為澳門幣0.5元。 於2026年4月1日至12月31日實行優惠︰ 每24小時封頂收費MOP15，此收費優惠模式可連續使用八日 當持普通票車輛在停車場連續泊車超過規定之泊車時間上限，其後(即由連續停泊的第九日起)每半小時或不足半小時收取雙倍的泊車費用,24小時,,2026-09-29 08:04:46
7061,海灣南街,306,214,7,25,4,,,,,位於沙梨頭南街、沙梨頭海邊大馬路、沙梨頭新街及海灣南街之間的大廈內的停車場,入口及出口均設於海灣南街,2851 0771,2.00,(日間)每半小時MOP$3(夜間) 每半小時MOP$1.5,-,(日間)每半小時MOP$1(夜間) 每半小時MOP$0.5,日間：上午八時至下午八時前夜間：下午八時至翌日上午八時前輕型汽車：日間普通票，每半小時或不足半小時為澳門幣3元。夜間普通票，每半小時或不足半小時為澳門幣1.5元。重型及輕型電單車：日間普通票，每半小時或不足半小時為澳門幣1元。夜間普通票，每半小時或不足半小時為澳門幣0.5元。,,yellow,2026-09-29 08:04:46
7094,媽閣交通樞紐重型客車停車場,,,,,,,,,27,位於澳門西灣湖景大馬路鄰近媽閣輕軌站的媽閣交通樞紐地庫二層,設於西灣湖景大馬路鄰近媽閣交通樞紐巴士總站路段,63967240,,,(日間)每半小時MOP6 (夜間)每半小時MOP3,,重型汽車︰日間普通票，每半小時或不足半小時為澳門幣6元。 夜間普通票，每半小時或不足半小時為澳門幣3元。 於2026年9月1日至12月31日實行優惠︰首小時免費 當持普通票車輛在停車場連續泊車超過規定之泊車時間上限，其後(即由連續停泊的第九日起)每半小時或不足半小時收取雙倍的泊車費用,,,2026-09-29 08:04:46
7071,華士古達嘉馬花園- 東區,76,,,,,,,,,位於高偉樂街、東望洋街及東望洋斜巷之間的建築物內的停車場,入口及出口均設於高偉樂街,2852 3411,1.95,MOP$6(日間)MOP$3(夜間),-,-,日間：上午八時至下午八時前夜間：下午八時至翌日上午八時前,,,2026-09-29 08:04:46
7086,望信樓,,,,,,,,,,位於望信樓內,入口及出口均設於慕拉士大馬路,2852 2683,2.00,(日間)每半小時MOP$3(夜間) 每半小時MOP$1.5夜間封頂MOP$24,-,(日間)每半小時MOP$1(夜間) 每半小時MOP$0.5日間封頂MOP$12 夜間封頂MOP$6,日間：上午八時至下午八時前 夜間：下午八時至翌日上午八時前輕型汽車：日間普通票，每半小時或不足半小時為澳門幣3元。夜間普通票，每半小時或不足半小時為澳門幣1.5元。重型及輕型電單車：日間普通票，每半小時或不足半小時為澳門幣1元。夜間普通票，每半小時或不足半小時為澳門幣0.5元。重型及輕型電單車：日間普通票，每半小時或不足半小時為澳門幣1元。夜間普通票，每半小時或不足半小時為澳門幣0.5元。輕型汽車在每連續夜間普通票的泊車時間內按上款計算的泊車費用上限為澳門元24元。 重型及輕型摩托車在每連續日間普通票及夜間普通票的泊車時間內按上款計算的泊車費用上限分別為澳門元12元及澳門元6元。,夜間,orange,2026-09-29 08:04:46
7066,望德樓,476,280,26,15,6,,,,,位於望善街、慕拉士大馬路及俾利喇街之間的望德樓內的停車場,入口及出口均設於望善街,2878 0108,2.00,(日間)每半小時MOP$3(夜間) 每半小時MOP$1.5,-,(日間)每半小時MOP$1(夜間) 每半小時MOP$0.5,日間：上午八時至下午八時前 夜間：下午八時至翌日上午八時前輕型汽車：日間普通票，每半小時或不足半小時為澳門幣3元。夜間普通票，每半小時或不足半小時為澳門幣1.5元。重型及輕型電單車：日間普通票，每半小時或不足半小時為澳門幣1元。夜間普通票，每半小時或不足半小時為澳門幣0.5元。,,orange,2026-09-29 08:04:46
7068,望廈體育中心,264,212,14,10,4,,,,,位於望善街、俾利喇街及馬交石斜坡/黑沙環斜路之間的望廈體育中心內的停車場,入口及出口均設於望善街,2855 0933,2.00,(日間)每半小時MOP$3(夜間) 每半小時MOP$1.5,-,(日間)每半小時MOP$1(夜間) 每半小時MOP$0.5,日間：上午八時至下午八時前 夜間：下午八時至翌日上午八時前輕型汽車：日間普通票，每半小時或不足半小時為澳門幣3元。夜間普通票，每半小時或不足半小時為澳門幣1.5元。重型及輕型電單車：日間普通票，每半小時或不足半小時為澳門幣1元。夜間普通票，每半小時或不足半小時為澳門幣0.5元。,,,2026-09-29 08:04:46
6007,望善樓,133,231,7,20,4,,,,,望廈社屋第一期,入口及出口均設於區神父街,2841 0001,2.00,(日間)每半小時MOP$3(夜間) 每半小時MOP$1.5,-,(日間)每半小時MOP$1(夜間) 每半小時MOP$0.5,日間：上午八時至下午八時前 夜間：下午八時至翌日上午八時前輕型汽車：日間普通票，每半小時或不足半小時為澳門幣3元。夜間普通票，每半小時或不足半小時為澳門幣1.5元。重型及輕型電單車：日間普通票，每半小時或不足半小時為澳門幣1元。夜間普通票，每半小時或不足半小時為澳門幣0.5元。,,,2026-09-29 08:04:46
6025,望賢樓,143,237,12,20,2,,,,,望廈社會房屋望賢樓內之停車場,入口及出口均設於俾利喇街,2851 9124,1.95,(日間)每半小時MOP$3(夜間) 每半小時MOP$1.5,-,(日間)每半小時MOP$1(夜間) 每半小時MOP$0.5,日間：上午八時至下午八時前 夜間：下午八時至翌日上午八時前輕型汽車：日間普通票，每半小時或不足半小時為澳門幣3元。夜間普通票，每半小時或不足半小時為澳門幣1.5元。重型及輕型電單車：日間普通票，每半小時或不足半小時為澳門幣1元。夜間普通票，每半小時或不足半小時為澳門幣0.5元。,,,2026-09-29 08:04:46
6029,湖畔大廈,678,1132,24,15,8,,,,,氹仔湖畔大廈內,輕型汽車入口及出口設於美副將馬路而另一入口及出口設於馬德拉街及湛江街，重型及輕型摩托車的兩個入口及出口設於湛江街及美副將馬路,2850 0103,2.00,(日間)每半小時MOP$3(夜間) 每半小時MOP$1.5,-,(日間)每半小時MOP$1(夜間) 每半小時MOP$0.5,日間：上午八時至下午八時前 夜間：下午八時至翌日上午八時前輕型汽車：日間普通票，每半小時或不足半小時為澳門幣3元。夜間普通票，每半小時或不足半小時為澳門幣1.5元。重型及輕型電單車：日間普通票，每半小時或不足半小時為澳門幣1元。夜間普通票，每半小時或不足半小時為澳門幣0.5元。,,,2026-09-29 08:04:46
6032,業興大廈,389,606,39,15,4,,,,,路環石排灣業興大廈北面,路環石排灣業興大廈北面,2850 2006,2.00,(日間)每半小時MOP$3(夜間) 每半小時MOP$1.5,-,(日間)每半小時MOP$1(夜間) 每半小時MOP$0.5,日間：上午八時至下午八時前 夜間：下午八時至翌日上午八時前輕型汽車：日間普通票，每半小時或不足半小時為澳門幣3元。夜間普通票，每半小時或不足半小時為澳門幣1.5元。重型及輕型電單車：日間普通票，每半小時或不足半小時為澳門幣1元。夜間普通票，每半小時或不足半小時為澳門幣0.5元。,,,2026-09-29 08:04:46
7056,蝴蝶谷,324,165,39,10,6,,,,,石排灣社區綜合大樓第三層至第五層,入口及出口均設於蝴蝶谷大馬路(資料由市政署提供),2876 5073,2.00,(日間)每半小時MOP$3(夜間) 每半小時MOP$1.5,-,(日間)每半小時MOP$1(夜間) 每半小時MOP$0.5,日間：上午八時至下午八時前 夜間：下午八時至翌日上午八時前,,,2026-09-29 08:04:46
7054,澳門新批發市場,115,74,11,10,1,,,,,澳門新批發市場地庫第二層及第三層,入口及出口均設於工業園大馬路(資料由市政署提供),2872 5903,2.00,(日間)每半小時MOP$3(夜間) 每半小時MOP$1.5,-,(日間)每半小時MOP$1(夜間) 每半小時MOP$0.5,日間：上午八時至下午八時前 夜間：下午八時至翌日上午八時前,,yellow,2026-09-29 08:04:46
6015,蓮花路,416,512,42,11,7,,,,,蓮花路路氹城邊檢大樓旁,入口及出口均設於路氹蓮花路,2886 5214,2.00,(日間)每半小時MOP$3(夜間) 每半小時MOP$1.5,-,(日間)每半小時MOP$1(夜間) 每半小時MOP$0.5,日間：上午八時至下午八時前 夜間：下午八時至翌日上午八時前輕型汽車：日間普通票，每半小時或不足半小時為澳門幣3元。夜間普通票，每半小時或不足半小時為澳門幣1.5元。重型及輕型電單車：日間普通票，每半小時或不足半小時為澳門幣1元。夜間普通票，每半小時或不足半小時為澳門幣0.5元。,,,2026-09-29 08:04:46
7070,澳門文化中心,135,34,,5,2,,,,,位於冼星海大馬路及孫逸仙大馬路之間的澳門文化中心內的停車場,入口及出口均設於冼星海大馬路,2895 5117,2.00,MOP$6(日間)MOP$3(夜間),-,MOP$2(日間)MOP$1(夜間),日間：上午八時至下午八時前夜間：下午八時至翌日上午八時前,,orange,2026-09-29 08:04:46
6004,藝園,351,446,25,15,4,,,,,藝園下面,入口及出口均設於廣州街及仙德麗街,2878 6930,1.95,MOP$6(日間)MOP$3(夜間),-,MOP$2(日間)MOP$1(夜間),日間：上午八時至下午八時前夜間：下午八時至翌日上午八時前,,orange,2026-09-29 08:04:46
6031,樂群樓,359,550,36,10,5,,,,,位於路環石排灣樂群樓內之停車場,出口及入口均設於大廈西面,2850 2005,2.00,(日間)每半小時MOP$3(夜間) 每半小時MOP$1.5,-,(日間)每半小時MOP$1(夜間) 每半小時MOP$0.5,日間：上午八時至下午八時前 夜間：下午八時至翌日上午八時前輕型汽車：日間普通票，每半小時或不足半小時為澳門幣3元。夜間普通票，每半小時或不足半小時為澳門幣1.5元。重型及輕型電單車：日間普通票，每半小時或不足半小時為澳門幣1元。夜間普通票，每半小時或不足半小時為澳門幣0.5元。,,,2026-09-29 08:04:46
6013,麗都,62,24,4,5,1,,,,,美副將與提督馬路交界,入口設於連勝巷及出口設於罅些喇提督大馬路,28216974,1.95,MOP$6(日間)MOP$3(夜間),-,MOP$2(日間) MOP$1(夜間),日間：上午八時至下午八時前 夜間：下午八時至翌日上午八時前,,orange,2026-09-29 08:04:46
7060,關閘綜合體育場館,788,800,17,20,10,,,,,位於關閘綜合體育場館內的停車場,入口及出口均設於關閘廣場,2850 9175,2.00,MOP$6(日間)MOP$3(夜間),-,MOP$2(日間)MOP$1(夜間),日間：上午八時至下午八時前夜間：下午八時至翌日上午八時前,,orange,2026-09-29 08:04:46
7069,聯生圓形地,198,,21,,4,,,,,位於石排灣馬路及紅𣒍路之間的大廈內的停車場,入口及出口均設於紅𣒍路,2836 5806,2.00,(日間)每半小時MOP$3(夜間) 每半小時MOP$1.5,-,(日間)每半小時MOP$1(夜間) 每半小時MOP$0.5夜間封頂MOP$6,日間：上午八時至下午八時前 夜間：下午八時至翌日上午八時前輕型汽車：日間普通票，每半小時或不足半小時為澳門幣3元。夜間普通票，每半小時或不足半小時為澳門幣1.5元。重型及輕型電單車：日間普通票，每半小時或不足半小時為澳門幣1元。夜間普通票，每半小時或不足半小時為澳門幣0.5元。重型及輕型摩托車在每連續夜間普通票的泊車時間內按上款計算的泊車費用上限為澳門元6元。,夜間,orange,2026-09-29 08:04:46
