carpark_id,name,lat,lng,gov_name,match
7085,蓮花路 (重型),22.138797,113.561378,蓮花路重型停車場,exact
6045,塔石廣場地下上落客區(重型客車),22.198153,113.54709,澳門塔石廣場地下上落客區(重型客車),fuzzy
6033,下環街市,22.190739,113.534514,下環街市停車場,exact
7095,山茶街公共停車場,22.2126,113.536122,山茶街公共停車場,exact
6022,永寧街,22.212528,113.553469,永寧街停車場,exact
6026,交通事務局大樓,22.203886,113.553324,交通事務局大樓停車場,exact
6018,氹仔中央公園,22.158864,113.554739,氹仔中央公園停車場,exact
6041,日昇樓,22.163626,113.56051,日昇樓停車場,exact
7051,日暉大廈,22.163946,113.560389,日暉大廈停車場,exact
7067,台暉樓,22.210791,113.546481,台暉樓停車場,exact
7044,氹仔客運碼頭,22.163587,113.575075,氹仔客運碼頭停車場,exact
6028,何賢公園,22.192968,113.549001,何賢公園停車場,exact
7090,巴波沙大馬路公共停車場,22.211984,113.54735,巴波沙大馬路公共停車場,exact
7097,田畔街公共停車場,22.200237,113.540763,田畔街公共停車場,exact
7093,沙維斯街公共停車場,22.15792,113.550765,沙維斯街公共停車場,exact
7082,長者公寓,22.208837,113.558055,東北大馬路長者公寓公共停車場,fuzzy
6005,宋玉生廣場,22.189347,113.550581,宋玉生廣場停車場,exact
6030,居雅大廈,22.12904,113.560382,居雅大廈停車場,exact
7072,快富樓A入口,22.206628,113.539021,快富樓停車場,fuzzy
7073,快富樓B入口,22.206628,113.539021,快富樓停車場,fuzzy
7063,李加祿街,22.191699,113.534682,李加祿街停車場,exact
7050,和諧廣場,22.12879,113.563425,和諧廣場停車場,exact
7055,沙梨頭街市市政綜合大樓,22.202724,113.537289,沙梨頭街市市政綜合大樓停車場,exact
7057,快盈大廈,22.206796,113.539525,快盈大廈停車場,exact
6038,快達樓,22.207838,113.543008,快達樓停車場,exact
6009,亞馬喇前地,22.18837,113.54351,亞馬喇前地停車場,exact
6020,河邊新街,22.190358,113.532826,河邊新街停車場,exact
6034,馬六甲街,22.196139,113.553484,馬六甲街停車場,exact
7065,污水處理站,22.207949,113.558363,污水處理站停車場,exact
7076,氹仔柯維納馬路停車場,22.157205,113.546283,氹仔柯維納馬路停車場,exact
7077,柯維納馬路戶外,22.1572,113.549283,柯維納馬路戶外公共停車場,exact
6019,青翠樓,22.212561,113.537779,青翠樓停車場,exact
7081,專科大樓,22.193126,113.545564,公共衛生專科大樓公共停車場,fuzzy
7089,路環打纜街公共停車場,22.117626,113.55223,路環打纜街公共停車場,exact
7098,南灣大馬路公共停車場,22.191516,113.543893,南灣大馬路公共停車場,exact
6001,南灣(栢湖),22.190601,113.539426,南灣(栢湖)停車場,exact
6035,青葱大廈,22.212343,113.541291,青葱大廈停車場,exact
6039,青泉樓,22.212443,113.538995,青泉樓停車場,exact
6040,青怡大廈,22.210934,113.54328,青怡大廈停車場,exact
7064,青茂口岸,22.212634,113.541564,青茂口岸停車場,exact
7058,青濤大廈,22.210809,113.540939,青濤大廈停車場,exact
7059,青洲坊大廈,22.212219,113.543408,青洲坊大廈停車場,exact
7100,東民大廈公共停車場,22.206474,113.563766,東民大廈公共停車場,exact
7091,東亞運大馬路公共停車場,22.159629,113.540514,東亞運大馬路公共停車,fuzzy
7083,東創大廈,22.205518,113.566881,東創大廈公共停車場,exact
7084,東啟大廈,22.204528,113.567245,東啟大廈公共停車場,exact
7087,東城大廈,22.204725,113.565187,東城大廈公共停車場,exact
7088,航海學校公共停車場,22.187285,113.530953,航海學校公共停車場,exact
7092,新城B區公共停車場,22.18385,113.548822,新城B區公共停車場,exact
7096,高美士街公共停車場,22.193253,113.552362,高美士街公共停車場,exact
7099,徐日昇寅公馬路公共停車場,22.163371,113.555429,徐日昇寅公馬路公共停車場,exact
6043,松樹尾,22.154692,113.557386,松樹尾停車場,exact
7062,栢力,22.197045,113.554537,栢力停車場,exact
6010,科學館,22.187581,113.556589,澳門科學館停車場,fuzzy
6008,栢佳,22.190299,113.541842,栢佳停車場,exact
7078,協和醫院 - 東入口,22.135708,113.566623,協和醫院公共停車場,exact
7079,協和醫院 - 北入口,22.135708,113.566623,協和醫院公共停車場,exact
7074,旅遊塔,22.18004,113.538401,旅遊塔停車場,exact
6042,栢景,22.199151,113.548865,栢景停車場,exact
6011,栢樂停車場,22.198594,113.559853,栢樂停車場,exact
6012,栢蕙,22.202694,113.550757,栢蕙停車場,exact
6002,栢寧,22.19289,113.539432,栢寧停車場,exact
6003,栢濤,22.190322,113.545897,栢濤停車場,exact
6024,栢港,22.198419,113.536719,栢港停車場,exact
6023,栢麗,22.213766,113.549647,栢麗停車場,exact
6027,栢威,22.198861,113.543823,栢威停車場,exact
6037,黑橋街,22.154392,113.555706,黑橋街停車場,exact
6006,華士古達嘉馬花園,22.19645,113.546543,華士古達嘉馬花園停車場,exact
6014,祐漢公園,22.211071,113.55189,祐漢公園停車場,exact
7052,港珠澳大橋邊檢大樓東公共停車場,22.200586,113.578172,港珠澳大橋邊檢大樓東停車場,exact
7053,港珠澳大橋邊檢大樓西停車場,22.202511,113.572977,港珠澳大橋邊檢大樓西停車場,exact
7075,媽閣交通樞紐停車場,22.182937,113.529892,媽閣交通樞紐停車場,exact
7061,海灣南街,22.206822,113.543444,海灣南街停車場,exact
7094,媽閣交通樞紐重型客車停車場,22.182937,113.529892,媽閣交通樞紐停車場,fuzzy
7071,華士古達嘉馬花園- 東區,22.19645,113.546543,華士古達嘉馬花園停車場,fuzzy
7086,望信樓,22.204797,113.554581,望信樓公共停車場,exact
7066,望德樓,22.206851,113.551584,望德樓停車場,exact
7068,望廈體育中心,22.206492,113.551318,望廈體育中心停車場,exact
6007,望善樓,22.206372,113.551907,望善樓停車場,exact
6025,望賢樓,22.205603,113.549915,望賢樓停車場,exact
6029,湖畔大廈,22.158667,113.560882,湖畔大廈停車場,exact
6032,業興大廈,22.130269,113.564184,業興大廈停車場,exact
7056,蝴蝶谷,22.128807,113.561865,蝴蝶谷停車場,exact
7054,澳門新批發市場,22.211001,113.5344,澳門新批發市場停車場,exact
6015,蓮花路,22.138368,113.559807,蓮花路停車場,exact
7070,澳門文化中心,22.18891,113.5543,澳門文化中心停車場,exact
6004,藝園,22.190411,113.546513,藝園停車場,exact
6031,樂群樓,22.129974,113.56127,樂群樓停車場,exact
6013,麗都,22.206948,113.546037,麗都停車場,exact
7060,關閘綜合體育場館,22.215187,113.547588,關閘綜合體育場館停車場,exact
7069,聯生圓形地,22.125883,113.554675,聯生圓形地停車場,exact
