scraped_at,source,carparks,with_car,run_id
2026-09-28 13:45:18,local-manual,91,81,
2026-09-28 13:47:33,local-manual,91,81,
2026-09-28 15:55:16,github-workflow_dispatch,91,81,36394283787
2026-09-28 20:25:53,github-workflow_dispatch,91,81,36421767283
2026-09-28 20:36:57,local-watchdog,91,81,
2026-09-28 21:19:04,local-watchdog,91,81,
2026-09-28 21:35:25,github-workflow_dispatch,91,81,36429663227
2026-09-28 21:38:25,github-workflow_dispatch,91,81,36430016413
2026-09-28 22:14:38,local-watchdog,91,81,
2026-09-28 22:36:43,github-workflow_dispatch,91,81,36437251471
2026-09-28 22:39:51,local-repair,91,81,
2026-09-28 22:47:59,github-workflow_dispatch,91,81,36438668473
2026-09-28 22:53:43,github-workflow_dispatch,91,81,36439388895
2026-09-28 23:00:57,github-workflow_dispatch,91,81,36440322898
2026-09-28 23:03:05,github-workflow_dispatch,91,81,36440574994
2026-09-28 23:30:07,local-watchdog,91,81,
2026-09-29 00:00:05,local-watchdog,91,81,
2026-09-29 00:30:07,local-watchdog,91,81,
2026-09-29 01:00:06,local-watchdog,91,81,
2026-09-29 01:30:04,local-watchdog,91,81,
2026-09-29 02:00:06,local-watchdog,91,81,
2026-09-29 02:30:06,local-watchdog,91,81,
2026-09-29 03:00:06,local-watchdog,91,81,
2026-09-29 03:30:06,local-watchdog,91,81,
2026-09-29 04:00:06,local-watchdog,91,81,
2026-09-29 04:30:04,local-watchdog,91,81,
2026-09-29 04:31:30,github-schedule,91,81,36479786965
2026-09-29 05:00:05,local-watchdog,91,81,
2026-09-29 05:30:06,local-watchdog,91,81,
2026-09-29 06:00:11,local-watchdog,91,81,
2026-09-29 06:30:05,local-watchdog,91,81,
2026-09-29 07:00:03,local-watchdog,91,81,
2026-09-29 07:30:02,local-watchdog,91,81,
2026-09-29 08:00:06,local-watchdog,91,81,
2026-09-29 08:30:04,local-watchdog,91,81,
2026-09-29 08:30:59,github-schedule,91,81,36503470885
2026-09-29 09:00:03,local-watchdog,91,81,
2026-09-29 09:30:06,local-watchdog,91,81,
2026-09-29 10:00:05,local-watchdog,92,82,
2026-09-29 10:30:06,local-watchdog,92,82,
2026-09-29 11:00:06,local-watchdog,92,82,
2026-09-29 11:30:06,local-watchdog,92,82,
2026-09-29 12:00:06,local-watchdog,92,82,
2026-09-29 12:42:21,local-watchdog,92,82,
2026-09-29 13:34:22,local-watchdog,92,81,
2026-09-29 14:01:24,local-watchdog,92,81,
2026-09-29 14:09:47,github-schedule,92,81,36529623671
2026-09-29 15:05:34,local-watchdog,92,81,
2026-09-29 16:10:15,local-watchdog,92,81,
2026-09-29 17:00:06,local-watchdog,92,81,
2026-09-29 17:40:42,local-watchdog,92,81,
2026-09-29 18:07:39,local-watchdog,92,81,
2026-09-29 19:01:32,local-watchdog,92,81,
2026-09-29 19:33:50,local-watchdog,92,81,
2026-09-29 20:04:22,local-watchdog,92,81,
2026-09-29 20:40:19,local-watchdog,92,81,
2026-09-29 21:17:47,github-schedule,92,81,36574021246
2026-09-29 22:00:07,local-watchdog,92,81,
2026-09-29 22:33:00,local-watchdog,92,81,
2026-09-29 23:11:19,local-watchdog,92,81,
2026-09-29 23:39:12,local-watchdog,92,81,
2026-09-30 00:30:06,local-watchdog,92,81,
2026-09-30 01:00:06,local-watchdog,92,81,
2026-09-30 01:30:02,local-watchdog,92,81,
2026-09-30 02:00:06,local-watchdog,92,81,
2026-09-30 02:30:05,local-watchdog,92,81,
2026-09-30 02:51:23,github-schedule,92,81,36615018741
2026-09-30 03:30:07,local-watchdog,92,81,
2026-09-30 04:00:07,local-watchdog,92,81,
2026-09-30 04:30:04,local-watchdog,92,81,
2026-09-30 05:00:05,local-watchdog,92,80,
2026-09-30 05:30:02,local-watchdog,92,80,
2026-09-30 06:00:06,local-watchdog,92,80,
2026-09-30 06:30:04,local-watchdog,92,81,
2026-09-30 06:56:33,github-schedule,92,81,36642455697
2026-09-30 07:30:05,local-watchdog,92,81,
2026-09-30 08:00:06,local-watchdog,92,81,
2026-09-30 08:30:04,local-watchdog,92,81,
2026-09-30 09:00:05,local-watchdog,92,81,
2026-09-30 09:30:05,local-watchdog,92,81,
2026-09-30 10:00:06,local-watchdog,92,81,
2026-09-30 10:03:31,github-schedule,92,81,36658002066
2026-09-30 10:30:03,local-watchdog,92,81,
2026-09-30 11:00:06,local-watchdog,92,81,
2026-09-30 11:30:02,local-watchdog,92,81,
2026-09-30 12:00:05,local-watchdog,92,81,
2026-09-30 12:30:04,local-watchdog,92,81,
2026-09-30 13:00:06,local-watchdog,92,81,
2026-09-30 13:30:05,local-watchdog,92,80,
2026-09-30 14:00:06,local-watchdog,92,80,
2026-09-30 14:30:06,local-watchdog,92,81,
2026-09-30 15:00:07,local-watchdog,92,81,
2026-09-30 15:30:04,local-watchdog,92,81,
2026-09-30 16:00:07,local-watchdog,92,81,
2026-09-30 16:27:14,github-schedule,92,82,36689760050
2026-09-30 17:00:07,local-watchdog,92,82,
2026-09-30 17:30:07,local-watchdog,92,82,
2026-09-30 18:00:09,local-watchdog,92,82,
2026-09-30 18:30:07,local-watchdog,92,82,
2026-09-30 19:00:05,local-watchdog,92,82,
2026-09-30 19:30:06,local-watchdog,92,82,
2026-09-30 20:00:06,local-watchdog,92,82,
2026-09-30 20:30:04,local-watchdog,92,82,
2026-09-30 21:00:09,local-watchdog,92,82,
2026-09-30 21:30:07,local-watchdog,92,82,
2026-09-30 22:00:05,local-watchdog,92,82,
2026-09-30 22:30:08,local-watchdog,92,82,
2026-09-30 23:00:05,local-watchdog,92,82,
2026-09-30 23:15:43,github-schedule,92,82,36735336500
2026-10-01 00:00:09,local-watchdog,92,82,
2026-10-01 00:30:05,local-watchdog,92,82,
2026-10-01 01:00:06,local-watchdog,92,82,
2026-10-01 01:30:07,local-watchdog,92,82,
2026-10-01 02:00:06,local-watchdog,92,82,
2026-10-01 02:30:04,local-watchdog,92,82,
2026-10-01 03:00:04,local-watchdog,92,82,
2026-10-01 03:30:06,local-watchdog,92,82,
2026-10-01 04:00:06,local-watchdog,92,82,
2026-10-01 04:17:07,github-schedule,92,82,36771506571
2026-10-01 05:00:04,local-watchdog,92,82,
2026-10-01 05:30:05,local-watchdog,92,82,
2026-10-01 06:00:09,local-watchdog,92,82,
2026-10-01 06:30:07,local-watchdog,92,82,
2026-10-01 07:00:06,local-watchdog,92,82,
2026-10-01 07:30:06,local-watchdog,92,82,
2026-10-01 08:00:05,local-watchdog,92,81,
2026-10-01 08:09:32,github-schedule,92,82,36794724668
2026-10-01 09:00:06,local-watchdog,92,82,
2026-10-01 09:30:06,local-watchdog,92,82,
2026-10-01 10:00:06,local-watchdog,92,82,
2026-10-01 10:30:05,local-watchdog,92,82,
2026-10-01 11:00:02,local-watchdog,92,82,
2026-10-01 11:12:01,github-workflow_dispatch,92,82,36809385225
2026-10-01 11:22:18,github-workflow_dispatch,92,82,36810185454
2026-10-01 11:30:11,github-workflow_dispatch,92,82,36810782529
2026-10-01 11:31:14,local-watchdog,92,82,
2026-10-01 11:39:01,local-watchdog-fallback,92,82,
2026-10-01 12:30:19,github-workflow_dispatch,92,82,36815400446
2026-10-01 13:00:19,github-workflow_dispatch,92,82,36817713998
2026-10-01 13:30:18,github-workflow_dispatch,92,82,36820061877
2026-10-01 13:47:42,github-workflow_dispatch,92,82,36821485044
2026-10-01 14:05:57,github-workflow_dispatch,92,82,36822989200
2026-10-01 14:29:56,github-schedule,92,82,36825071686
2026-10-01 14:36:03,github-workflow_dispatch,92,82,36825615631
2026-10-01 15:05:59,github-workflow_dispatch,92,82,36828367685
2026-10-01 15:35:58,github-workflow_dispatch,92,82,36831235232
2026-10-01 16:06:00,github-workflow_dispatch,92,82,36834218758
2026-10-01 16:35:58,github-workflow_dispatch,92,82,36837292478
2026-10-01 17:06:03,github-workflow_dispatch,92,82,36840502114
2026-10-01 17:36:01,github-workflow_dispatch,92,82,36843756356
2026-10-01 18:05:57,github-workflow_dispatch,92,82,36846952188
2026-10-01 18:35:58,github-workflow_dispatch,92,82,36850119023
2026-10-01 19:05:59,github-workflow_dispatch,92,82,36853210467
2026-10-01 19:35:59,github-workflow_dispatch,92,82,36856351873
2026-10-01 20:05:58,github-workflow_dispatch,92,82,36859516360
